review,label
我脏了，成了铁粉,1.0
看见这么多人骂你，我就放心了,0.0
这个人怎么会被一直骂，有人告诉我一下吗,0.0
怪了死人也能睡觉？,0.0
我说过了，你如果再发一条微博，你家就死一个人,1.0
心疼你，早知道我就骂si你了，不然你也不会这么痛苦了,1.0
无意点开，逝者安息,1.0
我看你被骂的笑的睡不着了,1.0
为了赚钱真实脸都不要了,1.0
只有我一个人觉得你应该死吗？,1.0
听到你这么说我就放心了,0.0
没有骂死你是我的错,1.0
mmp你個憨皮,1.0
明年这个时候我一定会祭拜你的，逝者安息🙏🙏🙏,1.0
愿天堂没有蹭热度的yxh,1.0
为啥你还不被封号,0.0
招能拍死木子洋洋的苍蝇拍💙💚💛💝💝💓,1.0
这边建议你直接被骂死呢,1.0
你妈没了,1.0
太好了,0.0
不明白你为什么能在人间游荡？是黑白无常开小差了？请安息,1.0
无意点开 逝者安息,1.0
不是我一百多个赞的评论说删就删，我是沙发，洋洋出来对线,0.0
骂的好，也许你在刷聪明，也许你明知，却为了吸热度才这样说,1.0
你怎么还活着,1.0
？？？你没si呢,1.0
你打篮球像蔡徐坤,0.0
你去厕所睡吧，那个味道很适合你这个人的,1.0
无意点开 逝者安息🙏在天堂要好好的,1.0
木子洋洋走了，走得很痛苦，火化的时候还诈了尸，一直喊我没有死，最后用铁链绑着烧完的。火很旺，烧得嘎吱响，烧了三天三夜，家属很坚强，一个哭的都没，还有一个忍不住笑出了声，那晚风很大，运骨灰路上还翻了车，把骨灰盒摔碎了，刚要捧点儿骨灰，来了辆洒水车，车上唱着今天是个好日子,1.0
即使敌众我寡末将也能万军丛中取你的亲妈首级,1.0
啊，我也睡不着觉了,0.0
为什么我被删评了好不容易那么多赞！！！,0.0
我的铁粉头衔掉了,0.0
木子洋洋,0.0
我也好难受，骂你骂得睡不着觉了,1.0
为啥世界上总有那么一堆人脸皮厚，还贱呢,1.0
你咋还没死呢,1.0
那就出来继续挨骂？？,1.0
只有我一个觉得你是条狗吗？热度🐶,1.0
睡不觉干脆就别睡了吧,0.0
是你，b被🌿 烂的🐔 哦,1.0
这么多人骂你，你也不想想为什么,1.0
只有我一个人认为他在⛵️骗流量吗？,1.0
黄泉路上这么绕吗？？？,1.0
我不骂人只骂🐶,1.0
你🐴 逼死,1.0
你原来是个没🐴的微博号啊 到处招黑是厌倦人世了吗,1.0
睡不着好啊，没脑子不需要睡觉,1.0
就是为了火？,1.0
你做这么缺德的事对你有什么好处？,1.0
换个头像你就是个人,1.0
木子洋死了,1.0
给老子爬,1.0
给老子爬！！！,1.0
亲，这边建议你直接去世呢，不高玷污我们的眼睛,1.0
那就离开这个世界吧,1.0
那就回你家祖坟去吧比较适合死人,1.0
别tm用肖战头像,1.0
这是啥东西啊,0.0
hhhhhhhh真有意思,0.0
骂死你了,1.0
我擦 我还以为他真的是只喜欢苹果不喜欢华为勒 然后在哪里迎战？？ nbnb这系列只有啥不喜欢啥都成造句王连？？ 看啥说啥？ 要是有图我就给你们看了,1.0
赶紧死了吧，免得这yxh天天被轰，你看见大家骂你很开心？好像你是挺开心的,1.0
即使关注你，我也要骂你！骂完再取关！！！,1.0
只有我一个人觉得木子洋洋日了了吗,1.0
恶心死我了怎么哪里都有你这个臭弟弟你怎么还活着憨批,1.0
死了就睡的着了,1.0
那就逝者安息,1.0
每天一骂辣鸡洋 心情瞬间爽歪歪,1.0
4⃣️🐒自会长眠,1.0
无意点开，逝者安息...,1.0
扫墓,1.0
缺乏存在感的营销号,0.0
那你就把账号注销了吧,1.0
举报你,0.0
yyr你怎么还没死？？？？？,1.0
您怎么还不死？,1.0
"木子洋洋走了，走得很痛苦，火化的时候还诈了尸，一直喊我没有死，最后用铁链绑着烧完的。火很旺，烧得嘎吱响，烧了三天三夜，家属很坚强，一个哭的都没，还有一个忍不住笑出了声，那晚风很大，运骨灰路上还翻了车，把骨灰盒摔碎了，刚要捧点儿骨灰，来了辆洒水车,车上唱着今天是个好日子",1.0
我看你不是睡不着觉 你是被骂得太激动了 从来没见过这么多人关注你来骂你 刷存在感没完了 骂肖战来搏关注真bt,1.0
你用着肖战的头像去黑他？ 脸皮真厚,1.0
我把你🐴 天灵盖撬开看看什么货色能拉出你,1.0
我再骂你就不好了，如果你再失眠，那就是太棒了,1.0
看见你睡不着还被骂我就舒心了,1.0
你还没死呀,1.0
难受好可怜，被你键盘敲出来,1.0
为什么骂你你自己不清楚,1.0
你把头像给我换了就不骂你了,1.0
希望你好好活着,0.0
你都睡不着还这么能蹦跶，你太坚强了,0.0
恶心,1.0
那就别睡了  起来继续看别人骂你哦,1.0
你活着是个奇迹,1.0
原来你没有妈妈啊,1.0
可以去si,1.0
你睡你婆皮,1.0
该啊，你是孤儿吗，没人教你尊重吗,1.0
这不就是你想要的吗？？？,1.0
我感觉你他妈是杨洋的黑粉吧哪凉快哪呆着去吧,1.0
该,1.0
放心，不会关注你的，吐口痰就走，舒服了！,1.0
滚,1.0
哈哈哈哈哈哈哈哈,0.0
nm今晚biss,1.0
想红想疯了吗 扛精,1.0
活该！安息吧,1.0
在精神病院，医生会让你长眠，不要害怕哦，洋洋加油！,1.0
死吗东西滚,1.0
你怎么不死,1.0
牛逼呀 大v了都,0.0
真的好奇被举报成这样你怎么还在,0.0
宁是活该,1.0
早日超生,1.0
你在地狱我在人间，我俩就不在一个维度，,1.0
只有我一个人觉得很开心吗,0.0
死人也有睡眠？长知识了,1.0
看到有人骂你我就放心了,1.0
自己找骂的,1.0
怎么不想想为什么被骂呢,0.0
逝者安息,1.0
谢谢你的关注，13号诛仙了解一下,0.0
你是不是有bing？？？,1.0
真的是。。这么缺钱的吗,0.0
牛p蹦了？评论删了干啥子？四川的热搜都是你能蹭的撒，地震多修的房子抗震，说话都不动你的猪脑壳的吗？,1.0
骂你可以被赞到2200年,1.0
别用我哥哥头像好吗,0.0
坟头睡觉？,1.0
怎么会有如此厚颜无耻之人,1.0
生活很苦吧，靠被骂来挣钱,1.0
今天中秋节，给你送个祝福。中秋快乐 ，希望你在地下早日和你家人团聚,1.0
今天中秋节，给你送个祝福。中秋快乐,0.0
你们不要点赞不要评论不要给他热度 拜托了各位🙃,0.0
看到你被骂的睡不着，我就很开心了！！,1.0
愿你一睡不醒,1.0
只有我不喜欢迷路的木子洋洋吗,0.0
您最好被我们骂的不睡觉,1.0
你该死,1.0
你早点投胎去吧,1.0
要我说，，，这是心理疾病吧，，为了博眼球也不至于做到这个程度啊,1.0
你直接死吧，这样能睡很久,1.0
脸呢,1.0
你怎么还没死,1.0
死人还会睡觉？,1.0
死人也能说话了?,1.0
骂你是不是要关注,1.0
傻吧,1.0
那你别睡了，直接死吧,1.0
换头像！,0.0
谢谢 愿你安息🕯,1.0
别睡了，多熬几天赶紧猝死也算是你为人民的眼睛做了一大贡献，天天在热搜评论里看到你你不恶心我恶心,1.0
你这种比，就该睡不着，早点得抑郁症，跳楼去,1.0
呸活该,1.0
好啊你棺材里有味儿吧怪不得睡不着觉呢来我帮你放点屎壳郎进去除味还能拱一拱你脑壳里的屎,1.0
你咋没死呢？我还等着去宁坟头跳舞呢,1.0
祝您全家赶紧死去吧,1.0
耶耶耶太棒了,0.0
哈哈哈哈哈,0.0
这年头猪🐷都玩微博了吗,1.0
你该死了,1.0
666,0.0
是你自己造的孽。没读书就快去读书，现在老年大学也有了，请把你素质提高再来。,1.0
为什么有好多木子洋洋,0.0
你好贱,1.0
呵呵呵,0.0
睡不着好啊，就应该天天睡不着,1.0
一个赞，洋洋的坟头长草一米,1.0
其实我不明白，你图啥呢？,0.0
那不是骂，是我们对逝者的唾弃,1.0
只有我一个人觉得迷路的木子洋洋锕活该被喷吗,1.0
别骂洋洋了，洋洋私底下是个儒雅随和的人呢,0.0
觉得骂的好的举爪,1.0
爸爸的快乐你想不到,0.0
你赶紧死,1.0
你每天这么做是为了在地狱给自己找点乐子吗,1.0
别光截别人评论的图宝贝，把你发的话也发出来好吗,1.0
骂的好,1.0
(痒痒鼠过来的)只有我一个人觉得你妈biss吗？,1.0
骂得太好了，你也好自为之，别出来惹人生气了,1.0
只有我一个人觉得他不配发微博吗？一个已经逝世的人到处蹭热度，不是我们可怜你你就是个孤儿，还是好好安息吧！！,1.0
我这条评论超过一个赞你都活不过今晚,1.0
你们为什么都骂他我新来的,0.0
这个博主到底是谁啊？这么招骂？,0.0
套用他的话      咳咳    只有我觉得他很蠢么,1.0
对不起 我向你道歉 但下次还会,0.0
想想自己吧 姐们儿何必呢,0.0
只有我觉得你该骂么？？？？,1.0
难听吗！？？？,0.0
你是得罪了多少家粉丝啊,0.0
我以后不开心只能只能你发发泄了，对不住了哈！那就祝你司全家吧？OK？,1.0
该!,1.0
你说的话就很好听了?,0.0
难你妈,1.0
我都懒得骂你了,1.0
自己也好自为之吧,0.0
这难听吗？对你来说多好听,0.0
有时候你不觉得自己骂的更难听吗？这样有意思吗？何必呢？有这点时间不如自己做点有意义的事！,1.0
确实，对逝者骂是很不尊敬的,1.0
我巴不得你🐴早死,1.0
求你们别骂了  你们越骂他 他越挣钱  一个个傻子一样,1.0
你这样又能怎样呢？满足？开心？博眼球？每天处在这种争吵的环境中不难受吗？就算是营销号，为了挣钱，也不用这样吧，搞得大家都不舒服，你也不舒服吧。,1.0
去你🐴,1.0
拿肖战的头像招黑,0.0
你买的起华为吗？,0.0
能不能把头像换了,0.0
你可真恶心，以为微博是你家啊你爸妈真可怜，生出来你这么恶心的人,1.0
好好的人不做，为啥要找虐呢，兄弟劝你善良点,1.0
那是没您高雅,0.0
心里没点数？,0.0
儿子回来吃饭吧，你妈坟上的菜已经做好三天了，就等你回来,1.0
你的评论不要出现在我们面前就行,1.0
无意点开 逝者安息🙏,1.0
看到都是骂你的就开心了。无意点开，逝者安息,1.0
你骂别人咒别人死就别怪别人骂你了呀,1.0
你婆臭臭皮,1.0
只能说你活该,1.0
没骂你呀，只是想当你爸爸而已啊,1.0
你可真是个不要脸的小人才,1.0
逝者安息🙏,1.0
自己先在那挑事，你不活该吗,1.0
呦呵 这就不行了 我们还没说其他的呢,1.0
你自己去人家楼底下说找人不喜欢的话，怪人家这么回复你吗。为什么不截图自己说的话，只截图别人给你的评论。你不喜欢可以不去说这样谁也不招惹谁不好嘛。懂点事吧。,1.0
爸爸的快乐你想象不到，德云女孩你惹不起？,1.0
劝你好自为之，憨憨，靠着黑别人给自己涨粉涨名气真不是一般不要脸，骂你是看得起你，谢谢,1.0
抗日战争时候  把你脸贴在城墙上   面积又大又厚   机关枪都打不透,1.0
还不死？,1.0
雨我无瓜,0.0
鲁迅：你就值得这样的话语!,0.0
活该呀！你不BB谁会骂你！你爹的快乐你咋会知道,1.0
这种人为了热度真的什么事都能做出来,0.0
你评论的话怎么不截出来？自己非要借着我们火一把，怪我们喽！,1.0
自己挑事的时候怎么没想到？脑子水多要不扔了吧,1.0
那行吧，你爹的快乐你想象不到,0.0
生而为人 务必善良,0.0
他们骂的是人吗？搞笑,1.0
自己说别人的时候就不觉得话难听了？以其人之道还其人之身,1.0
活该被骂,1.0
拜托别用肖战照片,0.0
我觉得那听我就放心了,0.0
滚蛋 滚出微博,1.0
当这么多人都讨厌你  你是不是该自己反思一下   好自为之的不是我们  是你！,1.0
你不配,1.0
哗众取宠,1.0
你献祭亲🐴上热评，就是为了赚钱买个铲子给你🐴埋了，对不起，我错怪你了👻,1.0
哭🐶,1.0
爸爸们说你一句怎么了？,0.0
你自己好自为之就好,0.0
爸爸的快乐你想象不到,0.0
骂你怎么了你不该骂吗  天天去蹭热评你怎么不上天呢  很好玩是吧 无不无聊没脑子吗   靠这种东西来博得关注  你真的有病  垃圾,1.0
骂的就是你 你妈今晚被我暗杀,1.0
扇自己嘴 别一天天那么欠,1.0
兄弟，不是我说在有生之年能被这么多人骂，你也真的是荣幸啊,1.0
你要找骂请不要顶着肖战的头像OK？,1.0
腊级,1.0
别顶着战哥的头像,0.0
我要日他媳妇，赶紧，我把视频给你们看,1.0
大家举报这个人,1.0
我平时不骂人，因为我骂得都不是人,1.0
妈妈的快感你无法想象,0.0
骂的好，想你这种人就该死去,1.0
我觉得不应该骂你，因为没必要骂一个连人都不配做的东西,1.0
像你这种哗众取宠的小丑，不就希望人们这样做吗？,1.0
这队形很整齐啊！,0.0
别人骂你一点不解气，把你发的评论都扒出来杀你的心都有了,1.0
那你图啥，能被这么多人骂，反思一,1.0
一脸懵逼的点进来。我想知道为什么这么多人骂你呢,1.0
我要笑死了，感觉你有点可怜了,0.0
你不是孤儿么？让你体验体验有父母的滋味，怎么算骂你了？我们慈善做公益帮助孤儿还错了，,1.0
我要劝大家一句，没事少在外面认儿子，这种玩意丢脸还不够吗,1.0
爸爸的快乐你别乱想像，你想不到的,1.0
你就该死,1.0
有谁能人肉他🐴 ,0.0
你闭上嘴我们不就不喷你了呢,1.0
我把你头打爆，懂？,1.0
？,0.0
臭沙比,1.0
祝你放屁得痔疮，喝水得溃疡，嘘嘘得尿道炎，写题得脑膜炎,1.0
以后别骂德云社了 因为爸爸的快乐你想象不到。但你如果过分了，姆们德云女孩不介意大杀四方。,1.0
德云女孩儿优秀,0.0
笑死我了,0.0
骂你是你的荣幸 不是要热度吗 骂你是在帮你,1.0
每次看到你被喷 我心里面都乐开了花 你图啥呢  哈哈哈哈哈哈,1.0
好你🐴，蹭热度蹭得开心嘛？骂死都该,1.0
自己不做亏心事 就不会有人骂,1.0
自己天天在网上骂人好意思说别人。有病吧你,1.0
你想不到没有,0.0
你就是欠骂,1.0
哈哈哈哈哈哈哈哈，爸爸的快乐，你想象不到,0.0
各家粉丝你都挑唆一边，现在又去骂肖战蔡徐坤，虽然我不是他们的粉丝，我还是要问你，你是不是有病啊,1.0
骂的就是你要点脸,1.0
看到你被骂，我就放心了,0.0
博取眼球快乐么？你要的不就是这种效果么？你怎么不想想为什么只骂你？,0.0
差评！居然都没有截到我骂你的！,1.0
你个祸害,1.0
德云女孩是你这种货色能惹的起的？？,1.0
可能是你太讨厌了呗,0.0
爷爷的快乐，你想象不到。,0.0
骂的就是你,0.0
咋？？？你还能直接死这咋滴？？？,1.0
我想知道他有多大年纪，天天都在想啥，长啥样！,1.0
唾弃你的坟墓,1.0
人家没说脏字啊，不就是说你是个儿子吗？这话哪儿错了？,1.0
好你🐴🐴,1.0
我真的不明白 你为什么要给自己招黑 你把头像改成战战 你就能黑他？ 我们小飞侠摆看的？！,1.0
活该真他妈无耻,1.0
那你也别一天天的没事找事儿啊,0.0
只有我觉得你这个名字在招黑吗？,0.0
他现在已经有微博认证了,0.0
你自己更过分吧,0.0
请您暴毙吧 好吗？一天到晚蹭热度 真特么恶心 爸爸劝你早日离开世界好嘛？,1.0
耶，那么多人关注你，就是为了骂你吗，我只想说……骂得好！,1.0
你个憨憨,1.0
无底线，活该,1.0
木子洋洋太可怜了泪目呜呜呜,0.0
你是憨批？,1.0
你赶快死,1.0
活求该 该求遭 被求死,1.0
怎么说呢，你自己应该心里清楚的，我已经看到你很多次了，每次总是发一些有争议的言论，暂且不说你用战战的头像发这些言论是否有目的，就按你每次发的言论来讲，一遇事，总是要从别的方向引战，实属不该。既是自己的选择，那肯定要自己承受代价。,0.0
大家别关注他 是个营销号,0.0
你应该的,0.0
麻烦您把超话头像换了别扯上木子洋,0.0
你爸爸永远是你爸爸  嘴巴臭记得刷牙 姐妹们给她推荐一些好用的牙刷 我怕她一天一箱都不够,1.0
如果你不是说的太难听，谁会无缘无故的骂你呢,0.0
被人骂  你还火了,0.0
我不骂你，孤儿下辈子继续孤儿把，这辈子做了这么多伤天害理得，当你爹妈就受报应吧，生生世世报应你当孤儿,1.0
这个人为什么还不死啊,1.0
只有我一个人觉得木子洋洋有病吗,1.0
哈哈哈哈哈哈哈哈哈哈哈我操我真几把笑死，快来看啊，知名恶臭到处带节奏没口德up主说别人嘴臭啊！奇人共赏,1.0
这不是事实吗？,0.0
原来苍蝇在被拍死之前，以为人类还会费口舌骂他呀？🤔,1.0
你好像很伤心的样子💔。。真是……太好了！！哈哈哈哈哈哈哈哈哈哈哈哈哈哈哈,0.0
你买粉买这么多。花了不少钱吧,0.0
那你呢?一天天评论的是人话吗?he tui,1.0
不就是喜欢别人骂你么，明说就行，不用暗示,0.0
劝你好自为之,0.0
微博为什么不禁你的言,0.0
不要脸！木子洋洋打广告，反对购买，拒绝购买！！！！！！,1.0
我们也劝你好自为之吧,0.0
你要听听更难听的嘛？,0.0
你自己说的啥 心里没点逼数？,1.0
难听的话，我们还没说吧,0.0
什么热度都要蹭一下，毛病吧你,1.0
我祝你这一辈子都不会快乐，内心永远空虚寂寞,1.0
哪骂了。没人骂人人啊。我只看到有个疯子乱说然后热心网友不仅不嫌弃她脑子不清楚，还与她进行亲切有好的交谈,1.0
还装无辜呢,0.0
我们好自为之？？？首先请你百度一下这个的意思再用好不好，听话，孤儿,1.0
本来是吃瓜心态看微博，看到“爸爸的快乐你想象不到”一句卧槽你真该死啊，说我们德云社,1.0
别老装无辜了，就你骂人的战绩，不用看开头，就知道你又在骂人装无辜了，呵呵呵,1.0
爹的赞，是你遥不可及的梦,1.0
每天骂一遍送🐴洋，快乐生活每一天,1.0
你说别人的时候  你怎么不觉得难听？,1.0
只有我一个人觉得这个批活该吗,1.0
不要理会那些渣渣，虽然我不知道你，但是就冲你评论CXK得HIV那条，我支持你,0.0
遗臭万年,1.0
看到你被骂的这么惨我就安心了,0.0
这个人干啥了，有愿意讲讲的呢,0.0
去犯法啊🐶东西。还好自为之，提着你的40米大屌来砍我。💩坑东西,1.0
实在搞不懂你在每一位名字下面都说着不喜欢 你可能谁也不喜欢吧。劝你善良是真的。脑子是个好东西 可是你没有,1.0
想再看一眼那条被她评论过的微博，找不到了,0.0
看到这么多人骂你我就放心了,0.0
你也是🙂,0.0
你爹的快乐你是体会不到了～～早出去做做生意你还是能体会到你母亲的快乐的,0.0
这是在骂你？？,0.0
有想过自己为什么被骂吗？你自己说的更难听好吗？他们已经很有礼貌的爸爸的快乐你不懂。好像没有出口说脏话吧？所以这就是不作就不会这样,0.0
你自己活该,1.0
无意点开 逝者安息☠️ 🙏🏻,1.0
爸爸的快乐你想象不到 He  tui,1.0
我知道你很喜欢被人骂，但是你该怎么样是你，但是你做的说的就很能体现你家里你爸妈什么的也都不是个玩意儿，要不然不把你关好了放出来恶心人,1.0
真能给自己贴金,0.0
你自己说得好听？？？,0.0
每天喷这个喷哪个的是你，现在别人喷你也是你活该,1.0
爷爷的快乐你想象不到,0.0
我还真头一次见你这种憨批,1.0
你活得过今晚吗？,1.0
求求你了快死去吧,1.0
为什么都骂你？,1.0
哈哈哈哈哈哈哈哈，骂的太好太顺了,1.0
？有病？,1.0
那我一天能给你刷几十条评论哈哈哈哈哈哈哈哈就当垃圾桶,1.0
只有我觉得你太作了么,1.0
这样是不是给你一种诡异的我火了的感觉？,0.0
别打着小白花的技能去祸害别人  给自己留点德不好吗,1.0
图什么呢，可悲不可悲（掩面），你是不是被骂了还心里美滋滋？,1.0
无意点开，逝者安息，无意冒犯,1.0
别装了，谁叫你说别人,1.0
我尼玛怎么这么多粉丝了,1.0
哦,0.0
你🐎烧成灰,1.0
羊癫疯永相随加油呀洋洋,1.0
摔死没骨灰,1.0
飞你🐴 呢，给你扒拉下来埋坟里,1.0
天天想词骂你好累啊,1.0
你灿烂的一笑，狼都上吊；你温柔的一叫，鸡飞狗跳；你潇洒的一站，臭味弥漫；你兴奋的出汗，虱子遭难；你不打扮，比鬼难看；你一打扮，鬼都瘫痪！,1.0
麻烦只有我一个人觉得你是个傻子吗,1.0
我不敢骂你，我怕被赞到明年。,1.0
飞你妈,1.0
飞你爹个二舅姥爷的收音机咕咕唧唧,1.0
飞？想上天？你以为自己是窜天猴,1.0
我们火炉的火很旺的，不要摔的粉身碎骨，影响我发挥，我怕把你骨灰都烧没了,1.0
只有我一个人喜欢木子洋洋吗？喜欢他的感觉就和吃了一吨屎过后再打了个嗝一样。,1.0
发羊癫疯，被人吐口水！,1.0
你妈化成灰,1.0
昨天看见你爸爸在种枇杷树，怎么今天不上山吗？,1.0
洋洋，勇敢的飞到我炉子来,0.0
我脏了 你是我的经常访问,1.0
你妈后面追,1.0
亲妈骨灰随,1.0
汝母必飞天,1.0
我有个大胆的猜测，你其实已经死了，现在在18层地狱，阎王爷给你派了个任务我说对了吗死洋？,1.0
又来送🐴 ？,1.0
找不见骨灰? 麻溜给老子换头像,1.0
我不敢骂你 我怕被赞到明年,1.0
飞你mmp,1.0
你🐴在天上飞,1.0
孤儿,1.0
你妈永相随,1.0
飞进垃圾堆,1.0
我从来不骂人，所以我今天骂你。,1.0
飞你🐴的锤！,1.0
只有我一个人希望洋洋得羊癫疯吗？,1.0
飞来送🐴 ？？,1.0
飞尼玛呢，有两个胳膊就当成翅膀，以为挥挥就能飞呢？？？,1.0
摔的稀巴烂,1.0
洋洋勇敢飞 挫骨又扬灰,1.0
老子拿刀向你追,1.0
尼玛后脚挂,1.0
谁能告诉我下这个人到底做了什么？,1.0
"木子洋洋走了，走得很痛苦，火化的时候还诈了尸，一直喊我没有死，最后用铁链绑着烧完的。火很旺，烧得嘎吱响，烧了三天三夜，家属很坚强，一个哭的都没，还有一个忍不住笑出了声，那晚风很大，运骨灰路上还翻了车，把骨灰盒摔碎了，刚要捧点儿骨灰，来了辆洒水车,车上唱着今天是个好日子！",1.0
协邱少华一起上西天,1.0
飞飞飞我给你🐎飞死了,1.0
看到这么多人骂你，我也就放心了,1.0
抑郁永相随,1.0
你🐴 万人骑,1.0
越疯人院,1.0
骂你还得关注 爷更生气了 你飞吧你🐎的骨灰后边追,1.0
你可以不要用赞赞的头像吗,0.0
"你怎么还没s,你到底买了都少复活甲，信不信我举报你开挂，让你每秒s一次",1.0
最好飞出地球，飞出宇宙，美好的人间你不配,1.0
骨灰永相随,1.0
喂喂喂，你什么时候死呀！,1.0
变成黑乌龟,0.0
死🐴洋洋删我评论滚,1.0
羊癫疯永相随？？,1.0
你🐴 骨灰永相随,1.0
头皮屑永相随,0.0
你要和你🐴一起坐火箭上天？请记住多去地狱转转,1.0
扒拉下来烧成灰,1.0
讨厌,0.0
飞尼玛 你今晚biss,1.0
一去不复返,0.0
这是沸羊羊的感觉～,1.0
傻子,1.0
司马东西,1.0
画地成圆，祝尔长眠。,1.0
扎进垃圾堆🙃🙃,1.0
无意点开，全家安息,1.0
飞上西天,1.0
不许叫洋洋  你退出微博吧     整天这样的带节奏 把名字改了！      换个名字爱用啥用啥,1.0
怎么还没死,1.0
飞 飞到屎坑里？？？？,1.0
魂在后面飞,1.0
nmsl  上次黑我鹿,1.0
担架永相随,1.0
飞到骨灰盒里吧，hp,1.0
阎王后边追,1.0
摔成盒骨灰,1.0
我他妈求求你换个头像吧！！,1.0
你从小缺钙，长大缺爱，姥姥不疼，舅舅不爱。左脸欠抽，右脸欠踹。驴见驴踢，猪见猪踩。,1.0
飞你🐴,1.0
洋洋勇敢飞，骨灰永相随,1.0
飞进🌋,1.0
飞你🐎个🔨你飞,1.0
ss永相随,0.0
你嘛草着追？,1.0
你什么时候炸,1.0
摔得你不如鬼,1.0
你也太成功了吧，粉丝都这么多了,1.0
想飞？做梦！  当心摔死哦,1.0
你爸妈骨灰永相随,1.0
你怎么还不封号,1.0
咋？学烟花？在天上火化？？？,1.0
飞你🐴 呐飞，送你，不用谢,1.0
撕烂你的嘴,1.0
我觉得我可以把这个评论区当成笑话看了，骂的都不重样啊哈哈哈哈。,1.0
沙雕,1.0
头给你打飞,1.0
洋洋勇敢飞，出门掉粪堆 他说味不错，要带全家吃,1.0
你飞你🐴  扑棱蛾子,1.0
你咋不会抑郁症呢,1.0
哈哈哈哈哈哈哈哈哈哈哈艹，我都想关注看大家骂他了,1.0
早日化骨灰,1.0
死了没人追,1.0
心理变态,1.0
你可真恶心,1.0
你个憨批,1.0
牧羊犬，留尼玛遗言呢？您🐴 坟头泣血，您八明天出门被电动车撞s,1.0
真不明白为什么有人连黑红也愿意这么想红吗,1.0
他为啥还在呢，没人举报嘛,1.0
飞到粪坑堆,1.0
司马崽,1.0
今晚你必死,1.0
在阴间还想飞呢？你是在做梦呢,1.0
飞到垃圾堆,1.0
地府催你去报道,1.0
你要飞，我把你头给锤在地上,1.0
殡葬火化一条龙,1.0
关注你的都是为了骂你，哈哈哈,1.0
哈哈哈,0.0
洋洋勇敢飞向屎,1.0
洋洋没🐴永相随,1.0
拉屎拉裤里吧,1.0
洋洋勇敢飞  你🐴 赶紧死,1.0
骨灰被风吹,1.0
还没封?醉了,0.0
逝者安息，无意点开,1.0
你🐴 满天飞,1.0
你🐎天涯角落 永相随 明天烧成破骨灰,1.0
好想骂你,1.0
你什么时候死,1.0
摔死没墓碑,1.0
卧槽 你小时候经历啥了 怎么心思这么恶毒,1.0
骂你被赞到现在,1.0
希望你能走得安详一些，没有痛苦没有病痛，来世投胎做只猪，为人类做点贡献，至少比你做人辈子有贡献,1.0
R.I.P,1.0
飞进垃圾堆还是火化场？,1.0
在,0.0
请问你到底是条什么狗？可以给我地址我认识一下你么？有礼物想送给你，嗯。,1.0
为什么大家都要骂你？,1.0
我新来的，这个人他咋了你们怎么都骂他啊,1.0
这人咋了(ﾟOﾟ),0.0
我也求你放过肖战,0.0
这么多人骂你我放心了,1.0
妹妹收骨灰,1.0
安息🙏,1.0
请问你是想走黑红路线吗,1.0
出门永不归😄,1.0
飞你🐴！今晚biss,1.0
换你妈头像,1.0
我求你放过肖战,0.0
再见,0.0
你个憨憨怎么还没biss,1.0
向火葬场,1.0
💣🐷💣,1.0
我就来看看种好枇杷树了没,1.0
为什么这种人，语言上一直都是各种黑，为啥粉丝还这么多？也没被封，也没人给它发律师函吗？,1.0
飞你妈呢飞，自己吹都吹的上天了可还行，给爹下来🙃,1.0
辣鸡,1.0
你这么关注我家爱豆，你家爱豆怕不是死了吧,1.0
也不觉得丢脸啧啧啧,1.0
⊙∀⊙！,1.0
"木子洋洋走了，还拉着邱少华，他们走得很痛苦，火化的时候还诈了尸，一直喊我没有死，最后用铁链绑着烧完的。火很旺，烧得嘎吱响烧了三天三夜，家属很坚强一个哭的都没，还有一个忍不住笑出了声，那晚风很大，运骨灰路上还翻了车，把骨灰盒摔碎了，刚要捧点儿骨灰来了辆洒水车,车上唱着今天是个好日子",1.0
如果你不了解，请你别随意发表言论诟病张艺兴，我们爱国，但绝不因为道德绑架而盲目爱国，ck有实质性故意性的辱华行为吗，若说张艺兴为此所做出的行动，他在之后把所有代言签约排查了一遍，也和三星取消了合作。,1.0
摔死就成灰,1.0
飞你二姨太奶奶,1.0
掉下来摔成灰,1.0
摔断你的腿,1.0
洋洋给自己家集点阴德吧,1.0
飞你🐎呢,1.0
你要被炸飞,1.0
把头像给我换辽谢谢,1.0
摔断你🐶腿,1.0
靠,0.0
这个是真洋洋吗,1.0
你🐴随你飞,1.0
有谁跟我一样专门关注他来骂他,0.0
尼玛今天没,1.0
一头栽粪堆。,1.0
路过的解释下，为什么大家都骂博主,0.0
我这条评论有几个赞，你被几个人强奸,1.0
飞起来日尼玛,1.0
呵呵，用我杰哥的口号，背地里却在热评造谣我杰哥,0.0
羊癫疯永相随,1.0
中国那么多兵器你不学，偏学剑；上剑不学学下剑；下剑招式那么多，你学醉剑；铁剑你不学，去学银剑！终于，你练成了武林绝学：醉银剑！最后达到人剑合一的境界―剑人！,1.0
评论你个爹，我把你吊在迎客松上喜迎来客开光后放窜天猴炸成烟花。评你奶奶个鸡腿，我看你黄豆吃多了只会放屁。滚 迷路也给爷爬 到你先人坟头说说你说了多少缺德话。,1.0
你个老疯狗，把头像换了,1.0
把你骨灰都扬咯,1.0
飞到屎坑蛮？,1.0
他是不是想看别人每天骂自己，好笑,1.0
飞你🐴 飞,1.0
思想有问题？到处蹭热度，很有成就感?,1.0
人肉一下她长什么样子,1.0
死了下地狱,1.0
洋洋勇敢飞，亲妈飘骨灰,1.0
你那天要是热搜了只有一种可能你真的死了,1.0
出门有右转四医院,0.0
洋洋勇敢飞🐴,0.0
洋洋勇敢飞，飞到远西天。踏上归西路，网友笑欢颜,1.0
翔,0.0
性病永相随,1.0
飞你🐎🍺  给爷爬,1.0
他是谁家粉丝还是？,1.0
飞你🐴呢，你咋不去西天呢,1.0
扎进屎尿堆,1.0
神经病,1.0
为什么顶着xz的头像干坏事,0.0
的呃呃呃呃呃呃呃得得得,0.0
有意点开，不服solo,1.0
不是不欢迎你，而是你在阴间我在天堂,1.0
很抱歉以这种方式认识你,1.0
大家都别回她 别理她,1.0
欢迎你妈批,1.0
老子想用老虎钳夹住你的小鸡吧轮个几十圈,1.0
愿你跟你的家人在天堂团聚🙏🙏🙏🙏,1.0
你爸今晚必种枇杷树,1.0
你还没死呢,1.0
木子洋洋是换了一个演员吗 感觉感情没有以前丰沛了呢,0.0
你TM心里没点b数吗  谁的热度你都蹭?垃圾玩意,1.0
看见你难过我就放心了,1.0
你也配 你心里但凡有点事做人都不会这么难  啥牌子塑料袋这么能装,1.0
赶紧给我死,1.0
看着就烦 反手一个举报  虚假认证  886,0.0
没事我欢迎你，骂你我舒服很多,1.0
问这问题是真不知道自己干的什么💩 快别问了，省的智商全暴露,1.0
为什么你会被骂？,0.0
你🐴 S了都没见你那么开心,1.0
这是个男孩女孩啊,0.0
刚我还怀疑是不是有别人顶你名字博热度，啊tui，被骂的热度，听了声音，原来真的是你，去年八九月份微博上真的哪哪都有你，说实话哦，视觉疲劳加生理性恐惧厌恶了都，原来你那个泰国小演员的头像还换成了肖战，真是难受，别带别的孩子好吗？感觉你可能心理有问题，要不真的去医院挂个号让专家看看？,1.0
你像个鬼一样,1.0
我好奇你是男的还是女的 还是那种不男不女的,1.0
只有我一个人想睡木子洋洋吗,1.0
竟然是女的？？？,0.0
苹果一个配色都能登顶热搜的时候你怎么不说呢，华为麒麟990发布的时候都不故意买热搜，你怎么不说呢 ，丢人啊。,1.0
不，我觉得你很开心。直觉告诉我，你还特别兴奋,0.0
这个视频点开，让我看了会自己的妆有没有花,0.0
哈哈哈哈哈哈哈哈哈哈哈哈哈哈哈哈,0.0
因为我们不在一个世界,0.0
咋这么矫情呢我劝你不想被骂就少说两句话   不会说话就别说,1.0
也是位大神,0.0
你在地狱我在人间，我们不是一路人。你安息吧,1.0
复活甲怎么卖？我全要了。你🐴活的太久了,1.0
憨批，早说滚出微博还不滚,1.0
好做作啊我滴老天鹅,1.0
我欢迎你🐴了个卖批,1.0
辣鸡，装个🐔儿呢，你牛掰了？,1.0
啥情况有人可以解释一下吗？我好好奇呀😂,0.0
这个地方真好，各家粉丝一片和睦，一致怼你的感觉，真好,1.0
憨批...,1.0
只有我一个人觉得你应该立即去世吗？,1.0
你是真的洋洋啊,0.0
装逼,1.0
欢迎您哦，要去火葬场了,1.0
因为大家人畜有别,1.0
无意点开逝者安息,1.0
因为你心比脸大,0.0
什么时候死啊你，天天在网上阴阳怪气的口嗨,1.0
孩子，你以后，别只说，只有我一个人一个人怎么怎么样的，还有你爹地我支持你！,1.0
你是什么东西,1.0
死的快,1.0
因为你嘴臭,1.0
你这种人，活着就是浪费空气,1.0
无意冒犯逝者安息🕯️ 🕯️ 🕯️ 🕯️ 🕯️,1.0
憨批玩意儿,1.0
我最大的愿望是希望你全家早点死,1.0
有意思吗,0.0
你闭上嘴就喜欢你了,1.0
he tui，憨批，滚,1.0
狗叫？？？,1.0
因为你憨批,1.0
在你问我们为啥不欢迎你之前 请先自我反省自己的所作所为,0.0
给☀嘛？给☀就欢迎,1.0
还没死呢？？,1.0
你难过你🐴，你可别恶心人了，你这声音出来，就让我觉得恶心～,1.0
回你🐴 的山驴13里面回炉重造做个人再出来,1.0
你该死，知道吧,1.0
你能别作妖了么 非的依靠别人的厌恶才能找到存在感的人是多么的可怜呀,1.0
我至今没搞明白你是男是女,1.0
破锣嗓子木子洋洋专属,1.0
无意点开，你为什么不收我们欢迎，你自己心里没有点数吗,1.0
因为不欢迎你所以不欢迎你,0.0
笑得真他么难听，我告诉原因，因为你五行缺德,1.0
？？？感觉你被骂的很开心,0.0
亲，这边您抽中了地狱十八层一亿年免费游呢，您准备现在出发么？我们的项目主要有刀山、火海、油锅。。。包您满意,1.0
怎么会不欢迎你呢？不过我给你推个更适合你的地方吧，精神病院，嘻嘻嘻嘻<a href='/n/迷路的木子洋洋锕'>@迷路的木子洋洋锕</a>,1.0
你真的很烦,0.0
人贱自有天收,1.0
生而为人请你们善良 阴间发微博属实罕见,1.0
你是个神经病？,1.0
这明知故问引人评论的小学生把戏你想玩到死吗？？,1.0
r.i.p🕯,1.0
滚远点看到你就爱吐,1.0
卧槽 这个逼居然是个女的,1.0
是女生吗？那好办 大家快来喷啊，不信她能一直开心的活下去，世界请不要善待她，谢谢,1.0
大家都有🐴 ，你没有啊，懂了没,1.0
呵呵，你啊，这不是个东西，今天如果有时间，去你的坟墓里扔点屎💩,1.0
这个录音你快笑死我了,1.0
吖不要这样吖我很喜欢你哦东方不亮西方亮，憨批啥样你啥样哦亲亲😘,1.0
我讨厌网络暴力，可是为什么你心里没点数吗？,1.0
你就是个蹭热度的,1.0
你配吗哈哈哈哈,1.0
看见你我就恶心,1.0
因为你是热度狗,1.0
有病,1.0
大家直接去他主页右上角点投诉虚假认证就行了,1.0
欢迎，祝您早点去远方,1.0
好贱啊,1.0
嘴太臭了,1.0
人妖有病，?,1.0
你知道为什么你有这么多粉丝吗？因为方便骂你,1.0
就只有我感觉她在笑吗？,0.0
原因你脸皮太厚,1.0
额……,0.0
你要是指这种方式火的话。你真对不起你爸你妈那一次的激情。,1.0
假哭的 学真点,0.0
你是个女的？,0.0
笑死我了hhhhhhh,1.0
啥玩意儿啊啥热度都蹭说的都不是人话 说欢迎你啊 赶紧拜拜吧您嘞,1.0
大家别骂她了，我快赞不过来了,0.0
自己说了什么话自己清楚吧,0.0
欢迎你mlb,1.0
这一听就是个男声，修音太明显了吧,0.0
你是男的女的？我分不清了,1.0
神经病，为什么你自己还不了解吗,1.0
这个人是谁？怎么都在骂他……,0.0
欲练神功必先自宫？？？变女声了？,1.0
就是用这种方式博关注的，理她干嘛，粉丝多了就开始接广告卖号挣烂钱💰最讨厌这种的，到处抖机灵还能过得这么心安理得,1.0
你还是条母狗？,1.0
佛了,0.0
🐴 得，一直以为是男的,1.0
因为你活该,1.0
问题来了:她（他）是男是女？？？？？？？？？？？？？,0.0
感觉你的声音好像乔碧罗,0.0
你去泰国？卧槽,1.0
真他妈是个戏精，奥斯卡欠你个小金人吧,1.0
你不要笑好不好？,0.0
你在地狱我们为什么要欢迎你来人间,1.0
憨jj,1.0
因为丑人多作怪,1.0
为什么你没有被封，我也好难过,1.0
滚吧您,1.0
你可有多远死多远叭,1.0
嗯…… 我想问问 只有我觉得她在偷笑？？？,1.0
声音好作啊,1.0
因为你不喜欢就算了你还不尊重,1.0
卧槽，你他妈好作呀,1.0
因为想让你早点死,1.0
你是男是女啊,0.0
谁知道他男的女的,0.0
因为你太s,1.0
有本事把脸漏出来,0.0
不是同一个世界，我在人间，你在阴间,1.0
你是在笑吗,0.0
还不是你人品问题,0.0
你好恶心,1.0
这个声音永远不会忘,0.0
因为骂你可以得到很多赞,0.0
听你这个声音。。对不起。我想弄死你。。。。我真的忍不住。,1.0
憨皮 你还作呢,1.0
难过吗？黑人热度上挺高吧！继续吧,0.0
卧槽都50多万粉了？？？,1.0
看的我都恶心,1.0
哭的好假啊，麻烦您把头像换了好吗？不要给我们战战招黑好吗？各位路人，她跟本就不是我们战战的粉丝，求别骂我们战战，谢谢你们了！！,1.0
真是够恶心的,1.0
滚，哪里好死就死哪去,1.0
自己做的事心里应该点数,0.0
死了我们就欢迎了,1.0
你很优秀啊，还有那么多粉丝，都是买来的吧,1.0
你不配喜欢肖战,1.0
声音也太难听了吧,1.0
请你继续哭吧 你一哭我就笑了,1.0
她在狂笑,0.0
这是个人妖吧,1.0
逝者安息 别再出来作乱了.,1.0
看宁不爽喽！我瞧不起宁喽！,1.0
哈哈哈 你在搞事情吗,0.0
作,1.0
到底是个男的还是女的？,0.0
不喜欢你，你自己心里没点数吗🙏🙏🙏,1.0
想知道他干啥了,0.0
怀疑你是梓晨,0.0
你觉得呢？？？？,0.0
你是个什么东西,1.0
严重怀疑你是为了蹭热度,1.0
因为你嘴臭啊,1.0
给爷死,1.0
你戏好多  听声音明显是偷着乐呢 你们越关注她越出名 目的就是这么简单,1.0
因为我是刚刚看到你说话跟放屁一样我才进来的,1.0
见过作死的，没见过你这么急于求死的。,1.0
走好走好,0.0
天啊你别恶心了好吗,1.0
你坐公交车必没座位,1.0
你吃方便面必没有调料包,1.0
你妈买菜必涨价,1.0
您心里没点abcdefg？,1.0
爸爸的快乐你想像不到,0.0
难过尼玛个大西瓜,1.0
你好作啊,1.0
不是不欢迎你，是你不欢迎这个世界，所以一路走好,1.0
你给我死叭,1.0
你生活的应该很苦吧？才会在网上来找存在感。没关系 ，找医生开点药。你生活的应该很苦吧？才会在网上来找存在感。没关系 ，找医生开点药。你生活的应该很苦吧？才会在网上来找存在感。没关系 ，找医生开点药。你生活的应该很苦吧？才会在网上来找存在感。没关系 ，找医生开点药,1.0
天天蹭流量，心里没数吗？毕竟黑粉也是流量！,1.0
做个大胆的猜测 迷路的木子洋洋会不会是刘梓晨？,1.0
真的很贱，一点尊严都不要吗？为了红你也是拼了,1.0
不是不欢迎你 毕竟人狗殊途,1.0
因为你家里人等你上香,1.0
哦靠，你在这笑的这么开心，果然流量变现还是让一些人奇怪了起来,1.0
难道你是刘梓晨的化身？,0.0
听这个声音是女的?,0.0
呵呵，sm玩意,1.0
这声音跟死🐴了一样 无语 假的一批 至于为什么你自己心里有b数吗,1.0
男的女的？？,0.0
因为你是个憨批,1.0
不要难过了，因为我们是，人是不会欢迎狗的,1.0
不欢迎你？心里没点B数那哪有你。看个篮球评论都有你。明星评论底下都有你。怕不是打酱油打的太多了吧。,1.0
给👨爬,1.0
你为什么还活着呀？,1.0
傻狗,1.0
我刚来的，是直接骂吗,1.0
你说你🐴 呢,1.0
欢迎nm,1.0
这样哗众取宠真能赚到钱？,1.0
复制的木子洋洋的有意思吗？你个冒牌货,1.0
欢迎你妈皮 给老子死,1.0
死了吧,1.0
蹭热度要有限，你是火不了的！,0.0
脑残,1.0
因为你瞎，孤儿,1.0
自导自演的可以,0.0
我靠，牛逼啊，哪个戏剧学院的,1.0
你心里没点逼数么？,1.0
你有病吧,1.0
请你善良,1.0
明知故问，蹭热度就算了，你不能人身攻击人家来蹭热度吧,1.0
我跟你讲啊，大家不欢迎你是有原因的 你这嘴又点贱我建议你把嘴缝上，还有你的大脑里可能灌水了，没事的时候你多晃几下，还有也是最重要的一点，我建议你赶紧离开地球，这样地球上的环境就会好很多😒 😒 😒 😒,1.0
啥时候💩也会说人话了,1.0
棍  声音难听的要死  cnm,1.0
因为你该死,1.0
你知道就好,0.0
我听笑了,0.0
这条评论点赞超过一个你biss,1.0
哪个是真货,1.0
我路人，但是你真的蹭热度过分了。每一家明星你都去撕，都去踩，捧一踩一，你做个人好吗？,1.0
很好奇你是怎么样的人，不对，你是怎么样的畜牲，不对，你是屎坑里面哪一条蛆？我现在就像看蛆在跳舞，既新奇又恶心继续，大家一起来看蛆跳舞，看完就走了，这种恶心的东西不要看第二次。,1.0
你爸妈来接你了,0.0
你他妈哪来这么多粉丝，我就想不通了,1.0
我怎么感觉最近有个宋景瑜也是这样的，哪哪都有他，虽说他不骂人，但看多了真的烦,0.0
我终于知道这憨为啥这么多粉丝，不开心的时候看看大家骂她就好解压的。,0.0
你以为你是灰太狼呢，天天回来。你最好的结局就是别回来了,0.0
欢迎你🐴 比，你在阎王殿别回来了,1.0
看到这么多人骂你、我也就放心了,0.0
你们干这一行的挣多钱？,0.0
羊癫疯回来了？,1.0
你回来一次，就再送你火化一次！,1.0
请你安息，为什么要回来？,1.0
滚蛋,1.0
还加关注才能评论、你是多缺粉丝,0.0
欢迎你妈,1.0
营销号真累,0.0
这样的人为什么还有粉丝，到处骂人,1.0
憨批滚球,1.0
你不是已经死了，怎么？？诈尸了吗,1.0
赶紧自己跌个纸飞机烧到阴间去,1.0
为啥都骂你,1.0
欢个屁,1.0
欢迎,0.0
烧香拜佛求送你走,1.0
看在大家都在骂你我就放心了,1.0
不欢迎，滚,1.0
欢迎呢欢迎您的狗头被骂出血来呢,1.0
只有我不欢迎吗？,0.0
滚吧,1.0
咋的，在去黄泉路上的时候发现忘了带擦屁股的纸？,1.0
你可真他妈烦,1.0
辣鸡洋qnmd,1.0
骂着别人赚了钱,1.0
请你赶紧死,1.0
最好别回来,0.0
就是有你这种人微博才会那么乱,1.0
这种乱蹭热度的人怎么还会有粉丝……,0.0
诈尸？,1.0
滚远点 天堂欢迎你,1.0
引战biss 寿比昙花,1.0
装你妈呢，死洋,1.0
阴间欢迎你,1.0
求您滚蛋吧,1.0
欢你个大头鬼,1.0
欢迎你个🔨,1.0
我觉得他真的好顽强啊,0.0
你咋还不死,1.0
欢迎你婆皮,1.0
真想骂你,0.0
骂你还能被赞吗,1.0
gun叭，别回来了啊,1.0
欢迎你下地狱哦,1.0
为什么大家那么会骂人，说话又有趣，笑死我了,0.0
哪里来回哪去,0.0
早死我给宁烧纸,1.0
你盗了别人号？,0.0
欢迎你m,1.0
这号应该挺值钱的不怕姐妹们毕竟冥币我们还是能凑个几亿的对吧,1.0
欢迎尼玛呢，还骂肖战,1.0
无意点开  逝者安息🙏,1.0
滚啊,1.0
你家里死人了,1.0
送你上路,1.0
那祝你回来一次减寿十年呢,1.0
早日癌症升天,1.0
你和傻狍子一起从地球消失吧,1.0
你也太过分了，你咋这么可恨呢。还给你认证，网警啥的好像都是摆设,1.0
滚🐔 8蛋,1.0
这也是一种方式吗，哗众奇宠！,1.0
欢迎你爸爸,0.0
黄泉路上这么绕吗？,1.0
我可以在你🐎的坟头上蹦野迪吗？,1.0
咋还没凉,1.0
你🐴 炸了,1.0
明明可以做一只老鼠 偏偏要做那颗屎 脑子有坑吧 麻烦现在像你这种人啊别出社会来搅屎了好嘛,1.0
逝者请安息,1.0
你早死哈,1.0
你还没死？,1.0
👎🏻,1.0
恶心巴拉的 活该被骂,1.0
快点死吧,1.0
对不起，因为我家的狗狗不太喜欢你，所以请你别来打扰它(和我)简称滚,1.0
不欢迎,0.0
该滚哪滚哪去。,1.0
不欢迎啊，怎么？你还有什么疑问？,0.0
你可快离开叭你,0.0
并不欢迎,0.0
拜托你换头像吧，别搞我家哥哥……,0.0
欢你妈呢,1.0
可拉到吧你,1.0
你又是个垃圾玩意好意思吗，只有我一个想骂他吗？,1.0
你家为什么死人了,1.0
……为什么被骂啊,1.0
你🐴必死,1.0
谁允许你出棺材的,1.0
欢迎你个🐔，,1.0
把头像换了,1.0
滚开,1.0
有多远滚多远,1.0
⚽️你换头像 大哥,1.0
你能不能吧头像换了，您配嘛,1.0
滾 快滾,1.0
我就说你怎么这么眼熟 这么久了你还活着也是不容易 那就关注你一下吧 方便以后骂你.不用客气,1.0
安息吧,1.0
去💩🙂,1.0
欢迎个屁呀（你好恶心）,1.0
喷子，键盘侠,0.0
我好奇他这么多赞是从哪里来的？买的吗？,0.0
欢迎你再回去,1.0
在？邱少华是你本人还是他是你的亡父？,1.0
今晚biss,1.0
滚！,1.0
不欢迎，再见,1.0
你没有资格去评价一个比你努力的人,0.0
你是个p？？,1.0
可别ex了 有多远滚多远  快滚 打车滚,1.0
我感觉你很喜欢这个表情是每天是有多委屈？,1.0
"转: 木子洋洋走了，走得很痛苦，火化的时候还诈了尸，一直喊我没有死，最后用铁链绑着烧完的。火很旺，烧得嘎吱响，烧了三天三夜，家属很坚强，一个哭的都没，还有一个忍不住笑出了声，那晚风很大，运骨灰路上还翻了车，把骨灰盒摔碎了，刚要捧点儿骨灰，来了辆洒水车,车上唱着今天是个好日子",1.0
欢迎你🐎🅱,1.0
如果说不欢迎您能走吗？,0.0
欢迎，试问谁不想在满肚子窝火的时候骂骂憨批呢,1.0
天天死这个死那个的，一个女孩子嘴巴为什么这么毒，你不配为人。,1.0
欢你🐴 个日龙包,1.0
无意点开霉运走开,1.0
你要不还是回去吧,0.0
投诉他不行吗,0.0
我来骂你了,1.0
你可拜拜嘞你嘞,0.0
还活着呢,0.0
司马玩意,1.0
欢迎你妈明天过五七？？？,1.0
有人逼着你看吗，不喜欢请不要诋毁，做点人做的事吧,1.0
欢你🐎,1.0
gun,1.0
欢迎你🐴,1.0
你快滚,1.0
滚了又回来，滚了又回来，你不累我都累了,1.0
欢迎你🐴 呢,1.0
无意点开   逝者安息🙏🙏,1.0
死了都能复活？,1.0
gunnimabide,1.0
得你见过喵,0.0
欢迎你🐴呢 给老娘滚,1.0
欢迎个屁 快滚,1.0
欢迎你妹,1.0
我现在骂还有赞吗？,1.0
你咋不顺便在在天上久住得了,1.0
你这个博主,0.0
欢迎你个捶捶 滚,1.0
请你做个人 谢谢,1.0
并不欢迎哦 你可以滚了,1.0
不,0.0
Ex,1.0
看到真多人骂你，我就放心了,0.0
做个人吧,1.0
以后心情不好来骂几句,0.0
因为你蹭热度太过分了！你这种人的号就应该被封杀！,0.0
尼玛，回来干啥，谁要欢迎你啊🙄 🙄 🙄,1.0
墓地太贵不好死？,1.0
快死吧😊,1.0
请圆润地离开,1.0
你🐎今晚必死,1.0
一个赞洋洋少活十年,1.0
莫挨老子滚,1.0
你不是人吧！,1.0
爬,0.0
你妈妈去世了,1.0
滚犊子,1.0
回来你🐴 呢 臭妹妹,1.0
看你们骂，我看的好开心,1.0
不欢迎你就不回来了？,1.0
口区，滚一边去,1.0
你🐴 为什么还没出事？,1.0
看见大家都在🐴，就很安逸。,1.0
你到底知道不知道你是个避孕套公司对你爸妈的补偿,1.0
还没死？,1.0
在阴间缺钱了是吗？,1.0
你不是个到处求1的0吗，找到了吗,0.0
he  tui，滚吧，人间不欢迎你,1.0
不欢迎，请你退出,1.0
回你🐴,1.0
快死,1.0
你还没死啊,1.0
你爸种枇杷树,1.0
欢迎你🐴 啊，你今天就死,1.0
滚，鲨bi,1.0
欢迎你妈 憨批,1.0
快滚吧,1.0
傻批哦,1.0
你🐎落地生根嗷,1.0
滚吧还是,1.0
不欢迎！！,0.0
您有点搞笑,1.0
nope,0.0
你不用回来,0.0
快点安息吧,1.0
辣鸡玩意,1.0
安息吧，老子给你多烧点纸,1.0
玩这个号的人出门小心车啊，别被压扁了,1.0
欢迎尼玛,1.0
亲亲，上次咱不是说好去一个和中国无关系的国家去了嘛，咋滴啦，那边环境不舒服,0.0
是不是烧给你的钱不够用了？还回来？,1.0
卧槽你都54w粉丝？那些憨批才关注你啊,1.0
希望你原地死亡,1.0
下辈子，好好做个人吧,1.0
只有我一个人觉得他不配回来吗,1.0
烧纸迎你头七,1.0
去s吧！！！,1.0
给我死回去,1.0
给你🐴守灵结束了？,1.0
欢迎送你上西天,1.0
呵呵,0.0
一个赞，洋洋死一次,1.0
骂你我能被赞到明年,1.0
我问你昨天郑繁星生日蛋糕糊脸上你为什么要那么说他？还有你再诅咒王一博肖战我鲨了你,1.0
现在学会删微博了呢 你好牛哇！  信不信屎给你打出来,1.0
你这个号咋还没被封,0.0
只有我一个人认为洋洋不配来到这个世界吗,1.0
话都放出来了 你要不离开 我今晚就去暗鲨你 注意你的狗头,1.0
要走就赶快走，悄无声息的 别妄想有人挽留你。,0.0
一个赞洋洋诈尸一次。,1.0
快带着你八十八个人格早点离世 滚,1.0
洋洋不怕,0.0
你这次是认真的吗？我要挽留一下吗？算了算了 你还是放心走吧  我送送你,1.0
不送,0.0
别走，要为我们那些铁粉考虑一下，我们会伤心的，我们永远爱你,0.0
逝者安息（就不给你加个蜡烛，您配吗）,1.0
谢谢你的成全,0.0
随手举报,0.0
滚 ！！！,1.0
好不容易一条评论被赞到2000，干嘛删了啊，真是,0.0
为啥删完了，我还没看完他们怎么骂你的呢,0.0
我求求你了，赶紧,0.0
各位别放鞭炮了 城里不准放鞭炮 冷静一下,0.0
我脏了怎么办，成了你的铁粉,1.0
你这话都说了好多次了,0.0
因为天天来看评论区骂你的人的评论，我都成你铁粉了,0.0
赶快给爷滚，铁憨憨必死无疑,1.0
宁咋还没死,1.0
？？同一条微博发两遍都是扯淡,1.0
走吧，好走不送,0.0
快滚！,1.0
顶我上去，这个叼毛换号了，最后一个阿改成了锕。大家去换换号喷,1.0
求求你快点走行吗这句话你说了多少遍了能不能不要说话跟放屁一样响一声就没了行不行？？？？？要死快死,1.0
安息吧，祝你魂飞魄散,1.0
为什么你的话语让我胃里翻腾？,1.0
happy every day！！,1.0
珍爱生命啊～,0.0
只可惜这里不给放鞭炮,1.0
wow终于走了,1.0
那你迅速离开吧我去的,1.0
你快去吧,0.0
你赶紧从这个世界离开吧,1.0
那你滚吧。,1.0
关注你，并且特别关注，就是为了在第一时间骂你,1.0
请你赶紧滚，谢谢,1.0
你可以试试再删，劳资就再发呗,1.0
删我发的是吧,0.0
怎么天天出来蹦跶，觉得自己有病就好好活着好好说话，有病不可怕，不配合不积极治疗还出来恶心人就可怕了,1.0
恕不远送,0.0
你离开吧，我成全你,1.0
你咋还活着？？复活甲有几件？？,1.0
能滚了吗,1.0
虽然不喜欢木子洋洋，可是你们这么骂她，不也是跟他一样吗😊,1.0
赶紧滚吧,1.0
一路走好 逝者安息🙏,1.0
赶紧的！希望你说到做到！,0.0
別說啊。我們等著,0.0
行,0.0
病的不轻,1.0
那你赶紧死成全大家好吗？,1.0
好的呢,0.0
你后面发的微博是你诈尸了是吗？,1.0
是的会开心！你快点死好嘛,1.0
赶紧滚,1.0
快走吧 你走我们都很开心呢,0.0
那你怎么还不滚啊,1.0
那你快点成全吧,0.0
赶紧走吧,0.0
赶紧滚。,1.0
赶紧死，快!给我死!,1.0
那你可赶紧死吧,1.0
再见，不送,0.0
赶紧死吧,1.0
能不能别顶着这个头像发病？？？,1.0
拜托你做个人吧 做人最基本的就是要说话算话,1.0
我管你离不离开给老子把头像换了！！！,1.0
请,0.0
那你赶紧有啊 真的精神分裂？,1.0
赶紧死吧……,1.0
无聊的人,0.0
走吧,0.0
不喜欢你也别带着肖战的头像到处黑别人呀,0.0
赶紧,0.0
请宁快点走吧,0.0
别再顶着肖战的头像到处喷💩 ，不然我鲨了你,1.0
快si远点，一刻都不想再看到你,1.0
洋洋终于要死了呢  ,1.0
我求求你换头像好吧,0.0
好的好的,0.0
死吧,1.0
呕,1.0
衮吧,1.0
所以你怎么还不s？,1.0
你走了？,0.0
赶紧死去，臭蟑螂,1.0
那就请你圆润的离开～,1.0
还学会删微博了,0.0
好嘞，再见👋🏻,0.0
你去世这个世界就和平了,1.0
nqsb,1.0
你赶紧死吧,1.0
赶紧的别碍眼了,1.0
你赶紧走行不行，不觉得丢人啊，可服气了，脸皮太厚惹,1.0
那请你快点“仙逝”吧！活着浪费空气，死了浪費土地 。,1.0
哇哦，说的仿佛多么大公无私，又怎么为大众牺牲一样的呢,1.0
好啊，滚吧,1.0
快点成全啊，光说不做？我呸,1.0
那你快滚,1.0
离开吧,0.0
那你赶紧滚，网络暴力是不好，但是特别配你,1.0
早点死我鞭炮都买好了,1.0
特大喜讯！！！特大喜讯！！！木子洋洋亲妈炸了,1.0
只有我觉得木子洋洋死了世界就会更美好吗？,1.0
💩💩💩,1.0
竟然32万粉 惊了,0.0
你以后再去黑我家战战和耶啵，我把你屎都打出来,1.0
你赶紧离开，你以为我们怕你似的，一天天顶着我们家哥哥都头像招摇撞骗的，你都不看看自己有资格用我家哥哥的头像吗，你是不是一天到晚你不黑一下别人你爹你娘就会si似的，你以后再去黑别人，我把你脑袋拧下来当皮球踢,1.0
举报了,0.0
愿逝者安息，愿地狱翻腾，一路走好,1.0
再见，再也不见，赶快爬,1.0
你麻溜滚蛋滚蛋滚蛋,1.0
现在的网络营销好真没有下限，躲在键盘后面就可以无底线的发无耻的言论博关注，这样的行为和香港那群废青躲在口罩后面制造暴乱，歪曲是非有什么区别？,1.0
赶紧走,0.0
赶紧gun吧,1.0
那你消失好了,0.0
麻烦您赶紧的,0.0
你赶快离开吧🙃,0.0
一路走好，慢走不送  请👋,0.0
快离开吧您，我欢送您,0.0
开不开心我不知道要不宁先滚开我看看 还有把头像换了,1.0
好！！！！✌耶耶耶,0.0
洋洋今天怎么还没死？,1.0
为什么什么事的微博下总会看到你的名字？我不了解你，但是觉得这样很无语，很讨厌，很无聊,0.0
那你怎么还没消失？,1.0
那你去屎吧！,1.0
你离开吧,0.0
怎么还没走,0.0
请您原地离开！！！,0.0
吐了,1.0
好啊，你快离开吧！,0.0
别啊不然我没有快乐了,0.0
你别走,0.0
能不能换头像,0.0
只有我一个人觉得你不配成全别人吗,1.0
我感谢您哄,0.0
哈哈哈哈哈哈哈哈死了吗我来笑笑,1.0
那你快去si吧,1.0
你咋还没死？,1.0
快走吧,0.0
我连在宁坟头种什么花都想好了,1.0
那你怎么没死呢？,1.0
我记得那个文明大使就被封了，都抑郁了，你们都是一路货色.呕，祝你赶紧抑郁吧。,1.0
早点离世，早点造福人间,1.0
妖魔鬼怪快离开妖魔鬼怪快离开,1.0
去吧,0.0
我求您快点成全我吧,1.0
qs,1.0
谢谢你去世，很抱歉用这种方式认识你,1.0
走好,0.0
离开吧，这样活着也没意思,1.0
真棒,0.0
太好了，你赶紧离开吧,0.0
快滚不要回来了，快点换头像卧槽尼玛,1.0
赶紧滚啊！！！！,1.0
要走就赶快走，悄无声息的 别妄想有人挽留你。经常看见你黑别人,1.0
快去，谁喜欢你这种人,0.0
快去快去好吧,0.0
非常开心！滚,1.0
赶紧成全我们，迫不及待,1.0
你倒是死啊 我一定会放鞭炮烟花送你的,1.0
88,0.0
阿轲:你已经死了,1.0
快离开啊,1.0
赶紧滚nm的,1.0
那你去吧,0.0
希望你的离开不是离开微博 而是从世界上离开,1.0
你是个人嘛,1.0
？？？麻利的,0.0
好开心啊，慢走不送啊😒 😒 😒 🙃 🙃,1.0
所以你滚吧，麻溜的,1.0
好可怜哦 你什么时候去世呢,1.0
那你快走,0.0
还不滚?,1.0
你个大傻子,1.0
快成全我吧,0.0
好走，不送,0.0
请你快死,1.0
消失到你妈黑洞批,1.0
安心去吧,0.0
快去吧,0.0
走就走，滚远点,1.0
你可别作了,1.0
建议您跟着唐僧上西天去,1.0
我想开心,0.0
过两天给你送花圈,1.0
你死去吧,1.0
那求你快滚吧,1.0
你别用我哥的头像行不，别玷污他,1.0
那你成全吧,0.0
好 感谢您嘞,0.0
换了头像滚,1.0
那就再见了,0.0
哥，打个商量，咱换个头像吧,0.0
弱弱问句咋了？,0.0
那你就死啊,1.0
你真的是胎生的吗,1.0
所以你怎么还不离开？,0.0
滚远一点 别回来了,1.0
有毛病吧你 刷什么存在感呢 瞅瞅自己四肢不发达五官不默契的样子 心里没那么一点b数嘛 每次都要强刷存在感诋毁别人 臭弟弟行为,1.0
你怎么还不死啊,1.0
求你，赶紧，离开,1.0
宁可快点成全我们吧,1.0
怎么还没死？  大家继续努力,1.0
蛇精病,1.0
笑死我了赶紧滚,1.0
赶紧死  墨墨迹迹,1.0
快点离开叭 ballball你了,1.0
滚 快si吧,1.0
话不多说，赶紧先换头像，然后麻溜的gun远点,1.0
要走快点走,0.0
滚吧你,1.0
那你快点成全我们吧，谢谢您老了,0.0
那你就GKD离开啊,1.0
觉得你就是来刷存在感的,0.0
🙏🙏🙏,0.0
求你了，快死吧,1.0
拜拜走好不送,0.0
看到那么多人骂你我就放心了。。。哈哈😄😄😄😄,0.0
那您到是离开呀，慢走不送，有多远滚多远，屁话那么多博眼球？,1.0
我gay你两脚头 你爱看不看不看就自动屏蔽 做个人吧你,1.0
你发出点证据再说好不啊,1.0
我怀疑你脑子进💩了，而且我有证据,1.0
洋洋你真有眼光 这张图真帅 本来没粉他 看到这张粉了 爱了爱了,0.0
还真就只有你一个人,0.0
请您滚。,1.0
人家怎么样，不需要你说，不知道就别说。脑子瓦特了？你还不如人家呢,1.0
积点口德吧,1.0
你要是人，就说人话！你算个屁，还轮不到你说别人！有本事你也红，你也火！,1.0
对的，只有你一个人,0.0
您👏👏顶着四字弟弟的手机标识跟笔笔的粉丝号码牌，黑现哥，不喜欢就不喜欢呗，麻烦您别造谣，谢谢您嘞~,1.0
你是一个人,0.0
我们家李现视频自己实力的,0.0
可他就不是Gay 他也没有歧视啊 而是别人（Gay）拿他照片去冒充说是自己 然后被别人发现是他的图,1.0
nimasile,1.0
演技差买热搜就是买了咋还那么多人洗呢，全是洗衣机吧,1.0
草，我也不喜欢,1.0
不喜欢就不喜欢，不要人身攻击好吗,0.0
呕，不喜欢还点进来带大名是找喷吗？黑历史没有都是基佬造谣的谢谢,1.0
你怎么知道他是gay?你是和他搞过??热搜是我搜出来的怎么着吧，你哪眼见他歧视你了,1.0
心疼你,0.0
是的 只有你一个人,0.0
垃圾营销号到处怼,1.0
我呸，你就不是个人,1.0
别招黑了谢谢，人家喜欢什么自己的事，喜欢男也好，女也好，你都没权利用你的想法揣测他。,1.0
对，就你一个人🙃,0.0
只有你一个人,0.0
对的，只有你一个人，exm请善良点做个人吧 键盘侠也是你的一种职业吗？,1.0
想死吗,1.0
你什么时候能死,1.0
你不喜欢可以，但是请你不要吐槽，有素质点可以不，你可以选择不看,0.0
人要善良,0.0
gay你🐎呢,1.0
只有你一个人，，微博这么多刷存在感好玩么,0.0
？？？？怎么哪儿都有你,0.0
是不喜欢,0.0
求求你快点死吧,1.0
李现比你优秀，这我们都知道，你不用这样引起我们的注意，有本事的人不是在这酸别人！这么没礼貌地去说别人！你能说出这些话，说明你这人也不怎么滴嘛！,0.0
李现粉丝这么恶臭的吗，,1.0
好喜剧 这个图片就说卖腐。也是佛了,1.0
滚！呵,1.0
你是缺爱了吧，想让现现的粉丝关心你,1.0
太帅了,0.0
哎呀真是哪个角度看着都帅,0.0
你爱看不看，没人逼着您这条*看,1.0
还有我呢,0.0
哥你挺住啊 微博已经沦陷了,0.0
就烦你这种人，吃不到葡萄说葡萄酸，没有本事，只会黑人，你的脸丢娘胎里吗？,1.0
你自己不喜欢可以不看，没有人逼着你看，你自己还乐意看，看完还黑我们家现，你这不精神病吗,1.0
人家干什么关你什么事，哪个明星有你这样的粉丝也真是倒霉，为你的偶像积点口德吧。别像蔡徐坤的粉丝一样。,1.0
还真就是你一个人呢,0.0
你有证据吗？请你不要乱说,1.0
啥gay?啥时候的事?,1.0
乀(ˉεˉ乀)滚,1.0
斯科特拉屎到你那都是香的,1.0
帅个屁啊？没见过帅哥吗？水中跪族都舔？,1.0
闭嘴吧，你。,1.0
像个僵尸，帅个球,1.0
他帅他有理,0.0
斯科特更过分吧……,0.0
眼睛有问题？像吸血鬼…,1.0
头被门夹了吧？,1.0
很多人评论你了 你火了，用这种方式被大家知道，开不开心？,0.0
主动送🐴 ?,1.0
你眼睛被屎糊住了吗哈哈哈哈,1.0
是斯科特不尊重在先，难道孙杨就只能一直受气，还不准反击了怎么着,0.0
营销号刷存在？,0.0
看见这么多人喷你，我就放心了,0.0
你确定脑子跟你在一起嘛,1.0
帅不刷的那是你自己眼光的问题  但我觉得一个帅的人不会拒绝和冠军登台拍照  不会试图怂恿别人和他一样没有素养  我觉得大白杨才是最帅的,0.0
帅吗？我怎么看着像个变态啊！,1.0
你没见过男人吧,1.0
你眼睛肯定贴印花了！搞不清楚状况 跑出来讨骂！,1.0
你是个勺子吧！,0.0
别人不尊重你的家人，你还心疼。脑子呢？,1.0
帅怎么了，有一个黑心肠的心，真tmd肮脏啊。你是嫉妒中国拿了冠军吧,1.0
脑子瓦特了,1.0
大家别理他，想红想疯了，连尊严都不要了,1.0
这货号不是被封了吗？,1.0
过分？拒绝合影看不起孙杨 说孙杨不尊重游泳 你在这斯科特好帅 爷笑了,0.0
你有病崇洋媚外的东西,1.0
吼，是有原因的，并不是看外貌！,0.0
有毛病？,1.0
帅有什么用，内心黑暗的很！还帅,1.0
我坐等你被喷,0.0
为了热度🐴 都不要了？哦不对，你没有🐴,1.0
无脑蹭热度？？？,0.0
这个斯科特像吸毒的,1.0
你是中国人嘛？要不你去英国和霍顿斯科特做兄弟？,1.0
你是人吗。我认真看了字不太妥,1.0
唉，都不想说你了。过分你🐴了,1.0
想火想疯了,1.0
你是个睿智？逼我骂你？,1.0
脑子有病,1.0
什么脑子🧠,1.0
评论人身攻击不要太过分,1.0
只看颜值 我也觉的蛮帅的！  可惜不友好！不喜欢！,0.0
你没妈吗？,1.0
？？？眼睛不要可以捐给别人,1.0
本来就很帅啊,0.0
你是没妈吗,1.0
你眼睛长在屁股里面吗,1.0
我就想看看有多少人会来骂你,1.0
别骂，直接投诉了，红v也不容易，投诉了就没了🙃,1.0
你要被喷了,0.0
我有几个👍 博主吃几口💩,1.0
这个时候评价他帅是不是有点不合时宜了？不过你想夸他我们也管不着，但能不能就别带tag了，还码了孙杨，到底是想夸帅还是引战，意图很明显了。,0.0
这么想红啊,0.0
哈哈哈哈哈哈哈 这姐妹 你有点意思 随便舔 不挑的那种吗？,0.0
你疯了吧，中国人的耻辱,1.0
脑瘫,1.0
大家举报他好吗？,0.0
别评论  直接投诉,0.0
国家荣誉面前没人来迎合你低俗的品味,0.0
屁,1.0
哈批？。,1.0
不管你的审美是什么样的，在什么情况下说什么样的话，这是用脑子和情商决定的。你这样说话没问题，但是在现在的情况下和这个人的人品来看，你说出这种话就是不经过思考，没情商的话。,0.0
想火？,1.0
你是滴血认亲了吗？？哇塞，你爸真帅！！！,1.0
但是他没素质！,0.0
没素质,1.0
想火想疯了吧！,0.0
国家荣誉面前没人来迎合你低俗的品味 脑子是个好东西，我希望你也有,1.0
您长这么大没见过帅哥吗？见看的过去的就舔？,0.0
哈哈哈，营销号，看到大家骂你就放心了，热敷不是这样蹭的,1.0
你。。。我不评价,0.0
是想红？,0.0
孤儿？,1.0
大家体谅一下孤儿 别骂了,1.0
博取眼球的loser罢了,1.0
直接投诉，骂你我都嫌脏,1.0
这就是个孤儿营销号 大家散了吧 别给他艹热度,1.0
你有毒,1.0
脑壳被门夹了?,1.0
恶心喔,1.0
别，他就想骗流量，大家别理他，当看不见就是对他最好的回复，让他尴尬,0.0
有病嘛,1.0
我这条有多少赞，你妈挨多少刀,1.0
你有毒吧，我觉得他的脸将来会长毒疮，你再说帅吧,1.0
你脑袋卡壳了吗,1.0
帅你去给他舔腚沟子吧,1.0
眼瞎了？,1.0
pyyl？,1.0
你不只是单纯的说他帅了，你看看你上面发的，说孙杨吼斯科特太过分了，你还是个中国人吗,1.0
你要火！别整没用的 上点心,0.0
希望你能硬一次，别让我穿你的球衣被人嘲笑,1.0
波兰中锋－周琦,1.0
你别侮辱中国战袍了，行吗？曹尼玛！,1.0
U盘里有啥啊,0.0
你不配穿！,1.0
别问了，U盘里是生涯集锦,0.0
你是爹啊，可别穿了这衣服,1.0
周琦自己官宣入选国家队12人大名单,0.0
为国征战谁都不想失误，还请大家嘴下留情，扒黑料就没啥必要了，本来这帮球员到关键时候就没人敢出手没人站出来，再继续骂下去下场生死战还打吗，还没等投呢就已经想到网上的声讨了，中国男篮没有周琦内线防守会直接下一个档次，就当是成长吧相信周琦下场还会像第一场一样证明自己,0.0
麻烦你自觉把球衣让给有需要的人,0.0
家門口，𠹌他！！！,1.0
会喷到这条微博吗？,0.0
哪里买的？,0.0
蔡徐坤请求上场发球,0.0
您 一战成名,0.0
发球可能是能力问题，教练讲战术时候，所有人都在听，你他妈能不能认真点，别他妈的吊儿郎当。,1.0
穿上去丢人，你不配！,1.0
对得起这身衣服吗？,1.0
你不配！,1.0
滚吧你8配,1.0
你好棒,0.0
钥匙一元一把，你配吗？,1.0
你除了有身高 你会点啥,0.0
烧了他，退出国家队吧,1.0
你换件波兰队服吧,0.0
你不配穿这件球服,1.0
伤怎么样了,0.0
你不配穿,1.0
这是名单确定了？？？,0.0
所以？大名单出来了？,0.0
难怪你火箭的球衣卖79一件,0.0
你配不上这件衣服！！！！！！！！！！,1.0
给我脱了,0.0
你对得起这身衣服吗？,1.0
练练发球啊！！！,0.0
宁配吗？,1.0
🇨🇳 好好练发球😄,0.0
菜逼,1.0
你的球衣会被大卖，穿出去打野球 “哟，打的不错啊，比世界杯那位打的还强”,0.0
捐了吧,0.0
你不配这身战袍  你不配五星红旗！,1.0
人家也不容易，骂得有什么意思，无聊。,0.0
有失误没什么  关键失误也算太年轻了 但连续的失误就有点太年轻了吧,1.0
你配穿？,1.0
牛逼奥,0.0
你对得起你身上的数字吗,0.0
你对不起身上穿的国家队队服,1.0
软蛋,1.0
2019年最具侮辱性的一句话：你打球像周琦……你不配穿这身衣服，赶紧滚,1.0
你对得起身上国家队的球衣嘛,1.0
你配？,1.0
连一个道歉都没有,0.0
你配么,1.0
你配吗？反正我不配但你也不配,1.0
我感觉你没资格穿这身衣服，说真的，别说我黑，就看见你在球场这态度，给易建联擦鞋的格都没有。,1.0
你不配这套衣服,1.0
把你球衣脱了行不行,0.0
丢人,1.0
你拿错球衣了 波兰的没给你么,0.0
看来你这个垃圾最近花了不少钱请人洗白啊 不过你不要痴心妄想了 在我们这些真正的球迷这里 你是永远都没办法洗白的 我们早已对你绝望了！！！,1.0
请你别侮辱一件球衣,1.0
你是真的辣鸡，不想打篮球就别打。,1.0
周琦你作为运动员没有一点职业态度 赶紧离开国家队吧,1.0
真辜负姚主席这么用心，辜负这么好看的球衣,1.0
辣鸡，看你打球心脏病都要发了,1.0
你会发球吗？不会练练。,0.0
你会发球吗,0.0
你对不起这身衣服,1.0
今天咋回事啊，看的有点生气啊！,0.0
你穿这身衣服羞愧不？,1.0
没什么用，废料，看看世界杯表现，赶紧退了。,1.0
一手好牌被你打的稀烂，他妈的，就这水平还打篮球呢，难怪火箭队不要你，要不是当初火箭队看中中国这个大市场，火箭队会要你？你除了个子高，一无是处，看饮水机你都不够资格，自己心里没点逼数吗,1.0
别整骨裂啊癌症啊艾滋啊这些花里胡哨的，你说什么时候退役就完事了,1.0
不配，滚吧,1.0
日本男篮核心渡边雄太完爆你这个垃圾。,1.0
能练练发球和罚球吗,0.0
历史浪费天赋第一人,0.0
继上一场周琦13分14板向老婆表达“一生一世” 这一场，他再次用5犯2分0盖帽表达“我爱你” 你这小子心眼儿真多,0.0
什麼時候退役？快點安排上!縮貨弱雞廢柴👎🏻,1.0
周坤,0.0
你真心不配,1.0
一颗老鼠屎，坏了一锅汤！满屋子的屎臭味！,1.0
你不配，这面旗帜和战袍。,1.0
你又成功的让我们失望了,1.0
配吗？？？,1.0
大魔王周兰特 今晚看你的,1.0
钥匙你配吗？,1.0
辣鸡周琦,1.0
你对得起这身球衣？,1.0
你还是回休斯顿吧，什么？休斯顿不要你了，好吧，那你还是回波兰吧,1.0
丢脸的红！穿上扎人不？,1.0
赶紧完事儿脱了吧,0.0
你不配穿中国队的球衣！！！,1.0
快他妈退役吧。,1.0
不配不配你别打国家队,1.0
你加入其他国籍吧，比如波兰,0.0
人品不行  球品更不行   这就是你的爱国精神？？  世界球场上懒散成什么样了    就在自己家里能吼,1.0
别穿了，跟李楠一人找个厂上班算,0.0
个子高其他全不行,0.0
退役吧，你不配这衣服，更不配这个号码,1.0
你是波兰第一中锋,0.0
你也配穿国家队队服？,1.0
叛徒,1.0
你不配这身球衣,1.0
你不配！真的不配！,1.0
滚出国家队,1.0
你不配穿这身衣服,1.0
你不配穿中国红色秋衣,1.0
你不配这件衣服,1.0
我也不知道为什么，就是想骂你，赶紧给15号换名字，15丢不起这人,1.0
你不配穿这个衣服,1.0
脱了吧,0.0
烂泥扶不上墙,1.0
你不配穿这身球衣，滚去娱乐圈,1.0
你配吗？,1.0
快删了这条微博，退役吧！,0.0
你对不起这件球衣！！！,1.0
对得起吗,1.0
你对得起这件球衣吗？,1.0
麦迪用三十五秒得分创造奇迹，你用三十五秒失误创造奇迹！,0.0
只会装大牌，球都发不好。,1.0
你行你上！一群键盘侠？！就知道喷喷喷！后面还有比赛！中国想赢球的话，能不能先把国民素质提高一下！失误了就是失误了，希望他能知耻而后勇不就行了，我也看球了，不得不说是真的一个很大的失误，这就是给他的一个教训吧，请后面的朋友们不要喷别做键盘侠好嘛？给他点信心后面还有比赛,0.0
把衣服烧了吧 在你穿 太脏了,1.0
你对得起你身上的国旗嘛？,1.0
防守强硬点，发球冷静点，打球激情点，如果是和美国队那样的队伍打输了就输了。技不如人，如果是接连不断的失误输球，那就太不应该了，我们希望下一场你可以爆发，不要再次让我们失望。,0.0
国家队为有你而羞耻，把衣服还给人家,1.0
您不配这身衣服,1.0
你对得起这件球衣和国旗吗？,1.0
练发球吧,0.0
侮辱了这套球衣,1.0
啥也不是的你一天,0.0
战术鬼才李指导，发球能手周兰特。 两个发球打飞机，一个上篮黄油手。,0.0
练练发球吧 真的还不如小学生发球,0.0
你对不起这身战袍,0.0
脱了，你不配,1.0
把衣服放下！,0.0
赢了一起狂，输了一起扛！,0.0
你不配这件球衣！！！！,1.0
对的起这身衣服吗,1.0
无耻之徒,1.0
你配不上这件衣服。辣鸡,1.0
牛逼,1.0
你配吗,1.0
卧槽，波兰国家银行的铂金U盾 流弊克拉斯,1.0
男篮蔡徐坤,0.0
脏了这身衣服，你会发球嘛？不会就回来聊聊！,1.0
你特么配吗？？？？？？胸上有国旗,1.0
对得起这身衣服吗？ 你是不是想告诉大家谁才是决定比赛胜负的人。您做到了！,0.0
你会发球吗 不会就练练,0.0
你不配这身衣服,1.0
你应该跟你 美国睿 成立个组合,0.0
不配,1.0
麻烦你每次面对镜头的时候不要摇头晃脑，摇肩膀了，老子看你那怂样，好想打你。,1.0
你配不上这身衣服,1.0
宁配嘛？,1.0
你啥也不是,1.0
收起来！孩子你现在的能力还不能跟这件球衣相匹配！,0.0
对的起这身衣服么,1.0
别整这些没用的杨毅:我们中出了一个叛徒,0.0
你说实话，是不是买球了？,0.0
你tm真是个人才,1.0
周琦退役吧，太垃圾了,1.0
终极失误牛批,1.0
坑货,1.0
你们别骂周琦了，我都赞不过来了,0.0
老弟你在发的什么球,0.0
我就来看看开喷了没有,0.0
你真的没有用,0.0
真是扶不起的阿斗 还发击地球,1.0
评论真是恶臭味满满！作为中国男篮的球迷者真心寒！竞技体育精神就是有输有赢！他们在现场多大压力你们懂吗？虽败犹荣的精神懂吗！篮球精神懂吗！不把体育精神放在第一位的球迷真他妈不合格好吗！想想自身为祖国体育贡献什么好吗！最后！中国男篮很棒！我很爱他们！🇨🇳,0.0
卧底！！！！！周琦一个无球进攻犯规  一个罚球二中一 两个发球失误 这个锅真得背,0.0
你怎么进国家队的？？？卧底波兰吗？？？啧啧啧,0.0
同意周琦退役的点个赞,0.0
行了，大家别骂了，我自己也是运动员，也是人啊 也会犯错误，也想为球队赢球，但是这是竞技体育，希望大家能少一点辱骂，多一点关心,1.0
你真的会打锤子个球,1.0
大家别骂周棋了，你们没有看到他去美国的努力吗？人家每天训练多辛苦，一个人压力多大，你们看见了吗？反正我是没看见,0.0
服了你了,0.0
从那个无所谓的进攻犯规，再到可以杀死比赛的二罚一中，再到两次发变线球的失误，本来应该属于中国队的胜利被您一个波兰演员MVP硬生生夺走了，您的职业态度差可真是到了极点，滚出国家队吧真的，浪费了阿联赵睿他们创造出来的大好机会，打不了NBA也是你活该！退役吧哥,1.0
大傻冒,1.0
35岁的易建联24分，郭艾伦5犯下场时怒拍广告板，赵睿生死时刻拿命往里突，翟小川抽筋都要爬起来上篮，孙铭徽临危受命命中关键三分，却因为你周琦三次界外球失误断送比赛，我们给过周琦太多机会了，回想2016年奥运会至今三年已过，周琦，你让我们看到了什么呢？,0.0
你是不是赌球了？,0.0
你能进NBA是天大的笑话，发个球都发不好要你何用,1.0
两米多高，技术粗糙。 能力没有，心比天高。,1.0
周琦送分童子实锤 带着任务来的 给多少钱？,1.0
没人骂他吗？,0.0
你这两个开球失误，你真的退役吧,0.0
周期尼玛斯了,1.0
到微博里的人这样调侃你，我其实很不舒服，在我心里，你是一个认真、积极的运动员，背后的努力很多人看不到，但是却引来这么多非议。这就是网络，希望你可以坚持做自己，一直支持你，那么，你可以给我磕个头吗？,1.0
大魔(sha)王(bi),1.0
到微博里的人这样调侃你，我其实很不舒服，在我心里，你是一个认真、积极的运动员，背后的努力很多人看不到，但是却引来这么多非议。这就是网络，希望你可以坚持做自己，一直支持你,0.0
奥运会弄了个周一板 世界杯你再玩个周卧底 你可真让行 你看看你在场上松松垮垮的 和一个六七十岁的老太太一样,1.0
！？？？？！？？！？30秒3失误，真不应该啊！,0.0
我就来看看有多少人骂你,0.0
滚蛋吧，退出国家队吧,1.0
关键时刻一个犯规，两个发球失误，一个空篮脱手，你他妈真是个人才，大家都在努力的时候你站了出来！,1.0
你真的用实力证明了自己不行！,0.0
周琦，你是波兰人民的好儿子,0.0
退役吧好吗 别人抱着头哭 你失误了一脸无所谓不关我事的表情 6,0.0
别怪周琦了，真的不怪他。 NBA球员都接不住他发的球， 何况cba球员,0.0
一个主动抡臂犯规，一个两罚中一，一个发球失误，一分钟你把能干的全干了，真是个人才！,1.0
快到碗里的胜利让你两个发球掉地上了,0.0
各位球迷朋友，我先喷为敬：真的是垃圾，第四节上场就感觉状态不对，两个失误直接断送我中华民族声誉。不怕对手强，就怕队友是周琦。其他队友打的都挺好的，就你我一身黑,0.0
王仕鹏前段时间刚骂完周琦，周琦今天就当着全国人民的面前  把王仕鹏打哭了   ,0.0
波兰教练：周总 晚上波兰双飞,0.0
这张合照赵继伟闭眼了,0.0
你打不了NBA是有原因的,0.0
求你了！退出国家队吧！真的，求你了！,0.0
这场球我黑你一辈子,0.0
你真的是没带脑子吗？打憨憨球？看着队友这么卖命你愧疚吗？裁判都帮不了你，你还是在下面歇着吧，我是你队友我真的想锤你一顿。,1.0
建议给他判刑,0.0
恭喜波兰球员周琦 喜提世界杯第二胜 ,0.0
今晚MVP给双目失明仍坚决上岗的裁判,1.0
不想说什么了，退出国家队吧，这真的不适合你，你的身体可以，你的智商不行啊。,1.0
大家别骂了，都不容易啊，压力太大了,0.0
打球先学会做人！难怪火箭不要他！！,1.0
周氏火锅很带劲,0.0
陪我个桌子行吗,0.0
发球失误你也他妈太坑了？一次失误还2次，本来可以拿下，下场你他妈别打了，替补也就上几分钟得了,1.0
就算你天赋不行，看到了你的努力，球迷对你肯定是鼓励而不是谩骂，但我在这场比赛中没有看到作为国家队成员该有的态度与责任，太让人失望。,1.0
波兰人吧周琦,0.0
从今天起，周琦我黑定了，谁都拦不住！,1.0
百度百科 周琦:波兰篮球运动员,0.0
有些人真是站着说话不腰疼，别听他们瞎说,0.0
作为铁粉，我真的,0.0
周琦:百因必有果，男篮的报应就是我,0.0
我好想哭，中国队为了世界杯准备了好久，受伤的受伤，拼到弹尽粮绝，最后竟输给了自己的队友 。,0.0
zq   w  c    n    ma  你很优秀  大家点赞,1.0
卧底吧你，几次发球都失误？,1.0
波兰超级中锋---周一板,0.0
第四节末段连犯四次错误刷存在感，在场上就跟个傻子一样,1.0
不论你是nba球员还是cba球员，你都是中国的骄傲,0.0
王仕鹏怼你怼的真没毛病，到手的胜利被你葬送，你有脸？,1.0
真的是无语！梦游能梦这么长时间,0.0
有那么发球的吗,0.0
自家的孩子犯错大家早及时纠正，周琦也为国打比赛拼的脚抽筋！大家多一分理解，期待小组赛第三场大爆发！我这个微博名就当戒尺警醒大魔王了！,0.0
跟加内特学的不错,0.0
看你就tm的生气，脸被你丢到家了，身为一个中国人真是气愤，看你平时走路那拽样，你今天倒是拽啊，赶紧退役吧,1.0
cxk发球都比你好,1.0
我一直很尊重周老师 没吨位 没技术 没话说,1.0
劝你放弃🏀，这项运动只适合男人！,1.0
周氏火锅牛逼,0.0
退役吧，真的，求你了,0.0
周琦，赔我电视遥控器，草！,1.0
就你还能打NBA，你退役吧,1.0
活该NBA不要你,1.0
你怎么这么软你全身都硬不起来是🐴,1.0
你tm真的是个坑货，这是世界杯！！！,1.0
身体没练出来，智力也下降了,1.0
发球都不行，你耍什么大牌，赶紧滚出国家队,1.0
以后骂人：你发球像周琦,1.0
你在想屁吃？,1.0
在场上边打球边睡觉？？？？,0.0
原来是你！波兰运动员周琦,0.0
波兰篮球运动员？,0.0
你努力你妈个臭叼，软蛋！退役吧，篮球不适合你，你不热爱它,1.0
软蛋,1.0
火箭队为什么裁你 心里没点逼数嘛,1.0
一次失误不算什么，哪里跌倒哪里爬起来,1.0
我是真的服了，浪费我时间看你，我火箭球迷，上次看你传人头上我就知道你随意心大，第二节不看人传界外还没提醒你吗，关键时刻你这样搞你对得起球队吗，你对得起所有看球的中国球迷吗,1.0
现在骂周琦还有人赞么？,1.0
我给大家讲个笑话吧:周琦会发球！,1.0
那个突破上篮才帅啊 一打3⃣️ 连续转身打进,1.0
大家可以去看一下虎扑最新分析的一个帖子 周琦完全是发球没有听从战术安排 发球战术已经成功了 赵继伟已经饶出来了 他就是把球发给了佯攻的赵睿 这是最基本的态度问题 而且有镜头显示 教练布置战术他根本没有听 说实话这样的球员封杀了吧。,1.0
说实话，你对不起你的天赋,0.0
周一板，你的煎饼果子好了，自己拿个袋儿装一下,0.0
内线就是放头200斤的猪都比你靠谱,1.0
原来如此，李楠让你发球给赵继伟，赵睿佯攻吸引防守拉开空间，阿联挡拆掩护给纪委掩护，可你为什么发给赵睿呢而且还偏偏发一个软绵绵的击地球，失误完还慢悠悠的跑一副胜负跟你无关只是吃瓜群众的样子，事后居然还好意思去安慰赵睿你有没有羞耻心啊你说实话是不是买球了?,1.0
我都不怎么看球赛的人都觉得你该退役了,0.0
你真是辣鸡,1.0
每天都要过来骂你一遍,1.0
怪不得被NBA裁掉！ 手长脚长，可惜没脑子,1.0
你对得起你的队友吗？,0.0
你啊 总是能给我整出点新花样,0.0
教练让你给赵继伟传球 你给赵睿传什么？？？然后你还安慰赵睿 甩锅给他？,0.0
大家别再骂了。再骂我们就是兄弟了,0.0
大家别再骂了,0.0
团队比赛的输赢不能算在一个人的身上，每一个职业运动员都值得尊重，赢夸输骂有点过分，大琦琦下一场看你堵住键盘侠的嘴,1.0
说实话，以前我不知道有个打篮球的叫周琦，更不知道他这么牛逼，打进了NBA！也就在同时，我知道他发球，专门往队友后脑勺发,1.0
一个让发球耽误的脑残,1.0
大家别骂了好吗？作为国家队职业球员出征是顶着多大的压力！这样骂也没有用？反正也听不进去！在五棵松附近的兄弟帮我揍一顿好吗,1.0
你🐂🍺 把姚主席都要快打哭了,1.0
你个大垃圾！半场球传的鸡毛啊！,1.0
免费请客人吃火锅,0.0
我看你打球还不如看特么蔡徐坤打球儿兄弟,1.0
周琦根本就不热爱篮球，只是把篮球当做他赚钱的工具,1.0
上一场这一场又这样，关键时候你罚蓝没中，投篮不进，还无球犯规，被你气得失眠,1.0
评论区你们够了吧，周琦自己肯定很自责，干嘛一个个来骂人，我们应当鼓励周琦不再犯错鼓励他下场比赛一定要更努力！而we不是在这里语言暴力！！！,1.0
你是真的菜,1.0
我就来看看喷的有多惨，这次有进步，球没打到赵继伟脑袋上！,1.0
请你原地退役,0.0
扶不起的阿斗,1.0
球商太低，自己对自己认识不够。,1.0
不好意思  一想到中国队没奥运会打了 我还得上微博看你一眼     你那球发的是啥JB玩意,1.0
继虚努力,1.0
关注你是为了方便骂你，别误会,1.0
你们别喷周琦了，周琦流产之后又来大姨妈了，还坚持替波兰打球,1.0
吊儿郎当没修改！！！！！！！！！！！！,1.0
就是总部不承认，中国区承认，是吧？,0.0
脸书推特ins的道歉声明再安排一下,0.0
有个屁用，不接受,1.0
把中国人当傻子？？滚！,1.0
为什么写的是亚瑟士中国及全体员工，而不是全体亚瑟士员工？？？？所以呢？？？ig，fb，推特是不是应该跟上？,0.0
what,0.0
小粉紅，讓nike也出來一下,0.0
不需要中国人为中国人道歉，总公司请滚出来,1.0
先改掉再说，否则声明就是一张废纸。,0.0
从此不穿亚瑟士✌️,0.0
希望你能坚持这个 原则 我俩年买了5双亚瑟士顶级和次顶级 特别喜欢 别啊,0.0
个人认为各大知名品牌相继出现这种侮辱我们国家的事情，那么说明在他们心里是认为香港，澳门，台湾根本不属于中国，它们不认可我们国家的主权,0.0
中国分公司是中国人在操作，我们要国外总部道歉谢谢。,0.0
这是逼我换跑鞋哦,0.0
跟你美国爹说去！,0.0
要凉！,0.0
耐克官网是请选择你所在的位置，大陆、香港、台湾。你们也可以参照修改,0.0
日本水不喝了，以后日本鞋也不能穿了，日本啤酒啥时候再闹腾一下？让我戒酒！,0.0
亚瑟士中国区反应很快，但这不是亚瑟士中国区的事儿吧,0.0
唉我踏马服了  本来还想买跑步的这下 再也不会买了,1.0
本来还想买跑步的这下 再也不会买了,0.0
从取关亚瑟士开始,0.0
坚决维护中国领土主权完整!,0.0
取关了 再也不买你们的鞋了 祝你们生意惨淡 早日关门,0.0
放弃这个牌子……,0.0
这是逼着我换跑鞋吗,0.0
你走开 不用你出来背锅,0.0
不会再买，可以买的品牌很多，但中国只有一个,0.0
没什么说的，今天回去就把家里几双亚瑟士的鞋丢掉。坚决维护祖国领土完整。,0.0
也许你们还能继续赚钱，但是老子不买了,1.0
也许你们还能继续赚钱，但是我不买了,0.0
拒买ASICS，拒买亚瑟士，Gun,1.0
谁能跟我解释一下Asics怎么了吗？我已经是Asics忠实老粉丝了,0.0
真没意思，本来还挺喜欢你们牌子，现在拜拜了您👋🏻,0.0
转发出去让更多看到 拒买 滚出中国,1.0
台湾地区好卖吧，去台湾那里卖吧！反正我不会买你的鞋子囖,0.0
没用,0.0
作为三年老粉，我是真的因为穿你家牌子才慢慢调整好了膝伤，所以知错就改还是好的，今后多注意别辜负信任你们的人,0.0
在您妈的见！！！如果道歉有用要警察干嘛！滚出中国！,1.0
取关了，再见，以后也不会买,0.0
那我们以后就不买你啦,0.0
有什么用呢,0.0
作为一个将近30年的铁粉，你们这么干真是太让人失望了。,0.0
总部主要领导必须公开向中国人民及政府道歉，承诺并改正错误,0.0
请把韩东君的宣传图片及广告删除，我们哥哥已经跟你们解约,0.0
前段时间宝矿力出事儿，国内也没见下架照样喝。asics一直是值得信赖的跑鞋，那是不是以后就不能穿asics跑步了？这怎么解释？真的非常无奈了。 希望能改正吧。,0.0
范思哲、蔻驰、纪梵希、亚瑟士，滚！！！！！！,1.0
滚，请滚出中国！,1.0
作秀 请滚出中国,1.0
刚买了一双你们的鞋子 以后不买了,0.0
赶紧滚，老子回去就把你家鞋剪了，自己花一千多也要剪了！赶紧滚吧！,1.0
我只买过一双亚瑟士 也是唯一一双了,0.0
不买了,0.0
滚蛋 再也不买了 拜拜,1.0
不要，今天回家把亚瑟士鞋都扔了，我重新买跑鞋，拜拜👋🏻,0.0
改不改的，以后都不再买你家的鞋了！,0.0
都想在说完对不起后得到国人的没关系！真是痴人说梦,0.0
快点给老子改过来！,1.0
道歉有用的话还要警察干嘛？,0.0
不需要，滚,1.0
我已经转发了我所有的跑步群，现在大家统一战线,0.0
真快啊,0.0
我觉得改了就行了吧，人家估计也不是故意的，做生意的谁不想赚钱呢，怕是他们根本就没注意到标识错了，而且这种政治敏感问题你觉得商人会关心？,0.0
阿迪，苹果，宝格丽一众大牌都有问题，怎么就亚瑟士被拉出来游行,0.0
真是搞笑，把中国人当傻子吗？不过说句实话你家鞋子真的丑,1.0
澳门呢？,0.0
亚瑟士，纪梵希，蔻驰，范思哲，最近这么多类似的事情，肯定有问题,0.0
你即将失去我这个两年四双亚瑟士的中国消费者！,0.0
垃圾，再也不买你们家东西了！,1.0
你是卖啥的？,0.0
不会再买了,0.0
好走不送,0.0
这是个什么垃圾牌子,1.0
纪梵希，蔻驰，范思哲辱华人有本事不赚中国人的钱，你tm一弟弟牌子还搁这辱华？？宁配吗,1.0
澳门呢？光香港台湾是中国的？澳门去哪了？故意羞辱呢？请滚出中国！！！,1.0
那你改了吗 说你🐎呢,1.0
？你在放屁🐴 ,1.0
不接受!滚出中国市场!,1.0
为什么不排版为什么不排版？？？？这个格式认真的？？？？这种态度？？？？,0.0
衮就一个字,1.0
让你们总部道歉 修改官网 一个也不能缺,0.0
不接受,0.0
道歉又不能当饭吃,0.0
亚瑟士在中国内地多间监狱生产成品或半成品，服刑人员没有工资，请国际人权组织、劳工组织调查制裁亚瑟士,1.0
你们总部人是死了？还是装瞎？外网也道歉!,1.0
滚你,1.0
推特脸书,0.0
滚出中国,1.0
这是在”八国联军”？香港暴乱的点上各个外商都弄这种明里暗里的支持香港独立？其心可诛,1.0
退出中国！,0.0
台湾是中国的！但是跑鞋的话亚瑟士还是我不二之选。。。。。。。k26真好看,0.0
刚看上你们的鞋 就开始装x跳水么,1.0
反正 本来想买跑鞋 现在不买你家了 那么多家跑鞋牌子 adidas直接写了台湾省  你以为你谁呀,0.0
取关了,0.0
出这种事真是令人失望😞,0.0
支持亚瑟士，虽然近期没有购买你们的产品,0.0
取关了，何时纠正，何时在➕关,0.0
麻痹，鞋子扔了。,1.0
从斯粉到路人，果断取关。犯我中华者，再也不买,1.0
多威马上上新款了，李宁雷雷雷雷也要上了。顺便说下，跑马季也马上就到了。,0.0
贼你妈滚出中国,1.0
请在外网的fb，ins和推特的官方账号上同步发道歉声明，并更改国外官网上的错误标识。不然这则道歉声明我们就视作是放屁了。,0.0
现在看见我的亚瑟士鞋子都不想穿，收起来等着吃灰吧，我不穿出去丢人了,0.0
不会买了,0.0
这些网络义和团真的可怕，无脑+小粉红,1.0
无论你做法是怎么样，我一样会买阿瑟士这个牌子,0.0
早干嘛去了,0.0
都滚吧，拿我们中国人当傻子哄？要你们都凉,1.0
中国员工 替 顶部 ？ 道歉？,0.0
独岛是韩国的,0.0
即布鲁克斯的退出和索康尼的回归，亚瑟士也要退出了吗？,0.0
李宇春呢？亚瑟士旗下鬼冢虎代言人,0.0
亚瑟士代言人呢？,0.0
艹，才买了一双,1.0
看来要和亚瑟士说拜拜了,0.0
两面三刀的东西。,1.0
很让人失望啊。。。。,0.0
取关了，以后不会再买了！丢脸！,1.0
最近大牌是什么鬼，要放弃中国市场？,1.0
又是这个套路，被发现出了问题，就用中国地区的公司和员工来背锅，你是不是觉的中国人这么好糊弄。希望政府针对这类企业能够做出一个有针对性的措施。,1.0
果断取关,1.0
这特么，鞋子都没得穿？,1.0
好,0.0
有点失望,0.0
假模假式，我还是支持国货吧。,1.0
打的你半死不活的，再给你道歉你啥感觉！！！,0.0
怕在中国混不下去吧,1.0
靠，怎么狼烟四起，打开微博，到处是道歉声？,0.0
为了利益，区域道歉有何用,0.0
日本官网上根本没有修改,0.0
我特么上个月新买的东京马跑特制版GEL-Y25都没穿过！闹出这个事儿来！,1.0
草！,1.0
有没有都无所谓,0.0
看来我要选择其他品牌了,0.0
把中国人当傻子？？滚,1.0
不会吧 我最喜欢的跑鞋哎,0.0
吊了赚不到钱了,1.0
狗改不了吃屎,1.0
发生什么了,0.0
你怎么看,0.0
发生什么事了？,0.0
噤若寒蝉,1.0
到ins、FB和twitter上去说，睁眼赚黑心钱、两面三刀的混徒最恶心。再不去发布那就在ins上问候你们全家嘞,1.0
一直都觉得你家的鞋暴丑,1.0
求生欲很强，可惜轮不到你们做主啊…… 就别出来跳了，徒显得可怜而已,0.0
我TM也是呵呵了，集团不想道歉，只让中国公司道歉有意义吗？好歹你亚瑟士还是个知名品牌，有那本事就滚出中国，别TM又当BZ又立牌坊！,1.0
再您🐎的见,1.0
中国区特供道歉？,1.0
来都来了吐口痰再走，tui~辣鸡,1.0
这是asics最“火”的一次，没有之一，网友都是爱国心理可以理解，因为我也是。作为一名忠实的asics复古系列爱好者，第一时间看到消息很是心痛，这一个礼拜来没有穿a的复古。之前吧友一直调侃倒闭a倒闭复古，没想到这么凉凉的品牌会这样的形式出现在大众眼前。我的心里，会有个疙瘩,0.0
一个国家在生存、独立和经济财富三种利益之上，还必须加上第四种国家利益，那就是集体自尊。  ,0.0
哎…扶不起的阿斗,0.0
道歉有什么用,0.0
可以不承认，我们不买就行了，有骨气你丫射屎就卖给台湾，香港好了,1.0
就觉得搞笑了，为什么会犯这种低级的错误！当初苹果地图弄错各大网站都报道过！为什么你们这些品牌还要犯！不能原谅，就是故意的！,1.0
这是大中华区 ，骂了也没用。国际官网不改就是不改,1.0
就是条🐶,1.0
文字游戏 忽悠人 沙雕,1.0
刚打算要买个亚瑟士的鞋，一看又特么一个垃圾企业！去你娘的吧！买你大爷买！赶紧倒闭！,1.0
滚蛋。,1.0
滚？,1.0
你们难道不是总部道歉吗？？中国人给中国人道歉有意思吗？欺骗谁呢？,1.0
别只在微博上bb啊，ins fb 拿出你的诚意,1.0
说一套做一套的狗日玩意儿！！！,1.0
鬼冢虎的求生欲比你们强多了。,1.0
不要脸 滚,1.0
滚，如果始终如一坚持，会出现这种事情吗？早干嘛去了，自欺欺人。,1.0
道歉没用的 滚出中国！,1.0
你跟纪梵希一样拉稀了,1.0
不要蹭热度了，啥牌子,1.0
你们是坏还是蠢,1.0
爬嗷,0.0
很好、省钱了,0.0
please get out of China!,1.0
官网还没改，你们各表，滚吧,1.0
跑马一直买亚瑟士，有点失望,1.0
道歉就完事儿了?,1.0
滚滚滚滚滚滚滚滚滚滚滚滚,1.0
还想恰钱？ 有多远滚多远嗷,1.0
跪着唱征服,0.0
亏我还买你的鞋！！！呸，又想赚中国的钱又想搞分裂，呸呸呸呸呸再也不买了,1.0
凉了,0.0
真是无语😓,0.0
滚蛋！！！,1.0
滚！滚滚滚滚滚！霍顿：其实我知道队友的事儿，所以我觉得不配跟孙杨站在一起……,1.0
问的漂亮 这只土澳狗说不出话了,1.0
不仅仅是澳洲队员，请霍顿，斯科特，博古特，澳洲泳坛传奇，巴西卢卡，发表一下看法吧，怎么集体失声了呢？澳洲白人游泳🏊🏻女将药检呈阳性，怎么没见你们白人声讨了？ ,0.0
旁边的女队员喝了一口农夫山泉,0.0
这个记者不错 请给他加工资,0.0
哈哈哈，霍该！！！,0.0
霍顿：其实我也磕药了,0.0
妈呀 真是现世报,1.0
真香，尊重对手都做不到，现在倒是沉默了,0.0
真小人才是,1.0
快叫博古特来砸领奖台啊,0.0
来，那位澳洲泳坛传奇，请你出来发表你的看法,0.0
这记者好狠啊   我喜欢  哈哈哈哈哈,0.0
啊哈哈哈哈哈 笑死,0.0
霍顿：就因为我早知道队友的事儿，所以觉得自己不配跟孙杨站一起,0.0
令人喷饭,0.0
哈哈哈哈哈 打脸了吧,0.0
他们尴尬倒是挺尴尬的...但这个笑容，更像心照不宣啊...就是“能有什么想法，你们知道了能咋”这亚子。,1.0
出来抗议啊，指责你队友啊。,0.0
牛逼你应该退出澳国家队啊,0.0
伪君子,1.0
就这素质,1.0
我是谁？我为什么会在这？我好尴尬,0.0
而且她是6月就药检阳性了，澳大利亚隐瞒了一个多月，在这期间玩儿命攻击国际泳联判决清白的孙杨转移视线嫁祸，现在是瞒不住了才曝光出来,0.0
农夫山泉,0.0
Hei~tui~,1.0
实力打脸,0.0
哈哈 人在做天在看，欺负我们孙杨，报应马上就来了,1.0
他说话了的：f＊＊k，你那么“勇敢”，应该吼出来来啊,0.0
记者干得漂亮，做了全中国都想做的事,0.0
我是看到他说fuˆk了吗,0.0
不用担心，本身就是伪君子,1.0
他居然还笑的出来🙉,0.0
xswl你倒是是继续狂啊[左哼哼][左哼哼][左哼哼],0.0
哈哈哈哈哈哈哈哈哈哈哈哈怎么不抗议了啊,0.0
我喜欢这个记者的提问,0.0
哦吼？！,0.0
不得不说那女运动员真的出事的相当及时，不然欧美那群优越狗不知道还要扮演上帝扮演到什么时候。,0.0
哈哈哈哈！欠中国的迟早要还的！种下什么因，就结什么果！,0.0
旁边那娘们还喝农夫山泉,0.0
打爆你那张马脸,1.0
被批“伪君子” ,1.0
憨批  活该,1.0
霍顿肯定在想‘我们这药一般查不出来啊’,0.0
谁给这个记者入下党,0.0
霍顿这么有正义感的人估计要被队友气死了 霍顿恨不得退出澳大利亚国籍,0.0
全都怪我，不该沉默时沉默，该勇敢时软弱,0.0
天哪，评论我都赞不过来了,0.0
霍顿这张脸就是一种讽刺！！！！每次看到这张脸我都感觉眼睛👀受到了污染！！！！！！！！,1.0
澳大利亚游泳队把他们国家的脸都丢没了,1.0
还是外国记者会来事啊,0.0
哈哈哈哈，反转喜剧,0.0
我觉得媒体还是太温柔，应该问他有没有嗑药，大概就能得到回应了,0.0
大家应该记住这个爱说大实话的来自ABC的Jackson❤️,0.0
真的，乐死我了！我憋了好多天的气啊！呵哈哈哈哈哈哈哈哈！！！！！！,0.0
刚刚那个澳大利亚女队员喝的水是农夫山泉,0.0
他还挺得意，大概是觉得自己出名了,0.0
霍顿:我先跪为敬！,0.0
天道好轮回，报应！！！看的一阵爽！！真心是你们不配和孙杨站在一起！,1.0
自己都没脸了,0.0
where is your face,1.0
这脸打的比猪肿,1.0
咦，我发现她的队友喝的是农夫山泉,0.0
土猪没有脸喽,1.0
本质上就是伪君子，否则干嘛闭嘴了？？？,1.0
尴尬的笑笑不说话,0.0
这位记者我很喜欢你，你知道吗,0.0
真是恶人先告状,1.0
哈哈哈哈哈哈哈哈笑出猪叫,0.0
害 原来你不会说话,0.0
呵呵，哑巴了,1.0
会说话就多说点,1.0
霍顿是个嫉恶如仇的人，现在打脸了吧！哈哈哈哈哈哈哈哈哈，笑死掉,1.0
咋不得瑟了呢？你不挺牛的么？我发现中国几千年的文明还是很经得住考验的，身正不怕影子斜，再有就是....太多成语献给这孙子了，太没涵养，做法低级幼稚，又肤浅,1.0
只想说，干的漂亮,0.0
霍小人你倒是说两句啊,1.0
英国的那位是不是也嗑药了，觉得不配跟中国运动员在一块？,0.0
哈哈哈哈哈都给我去ins上香,1.0
我看见了农夫山泉,0.0
打脸了吧,0.0
打脸真快   ,0.0
所以说啊，论进化的重要性！,0.0
woc 笑死,1.0
哈哈哈哈哈哈哈哈，怂样儿！,1.0
这脸打的,0.0
妈呀……他还能笑得出来……真是人不要脸天下无敌……,1.0
这个记者也是可以的,0.0
一个屁都不敢放，现在跟个孙子一样,1.0
它应该不愿意做澳大利亚人了吧！而且要退出澳大利亚国家队！龌龊的Loser,1.0
澳狗不说话了这回,1.0
双重标准的伪君子，打脸啊！,1.0
霍顿：我们嗑药的不仅没赢，还被发现了，好惨一澳洲,0.0
真是满屏尴尬,1.0
霍顿：我是谁？我为什么会在这？我好尴尬,1.0
我要笑死了哈哈哈哈哈,1.0
xswl,0.0
看热闹不嫌事大,0.0
霍顿：哥，你别让我这么尴尬,0.0
说话呀,0.0
天助我孙杨！棒！,0.0
自己都觉得尴尬。。,0.0
满屏的尴尬都要溢出来了,0.0
这还要担心？,0.0
咋不吭声了,0.0
好尴尬啊,0.0
piapia打脸啊,0.0
居然是美国的记者，问的好！,0.0
垃圾霍顿,1.0
哈哈哈哈哈哈哈哈，完美打脸,0.0
这记者哪家的哈哈哈哈哈哈哈哈哈哈哈哈哈哈哈哈哈哈哈哈哈会说话你就去出本书,0.0
哈哈哈哈哈哈活该,1.0
哪壶不开提哪壶，这记者！,0.0
活该 哈哈哈哈哈,1.0
出来傻也是要还的,1.0
啪啪打脸哈哈哈哈哈哈哈,0.0
空气中弥漫着尴尬的味道~,0.0
霍顿说  我很尴尬,0.0
哈哈哈  xswl ,1.0
又说不出话来咯？强👍脸肿了没有？你再乱叫？,1.0
我好像看到了农夫山泉，，？,0.0
这打脸打的！爽！,1.0
虚伪至极。,1.0
大快人心！,0.0
你到是再bb？,1.0
看你欠揍的样子真想给你个大嘴巴,1.0
尬~,0.0
霍。该。,1.0
大快人心,1.0
真打脸,1.0
喜欢这个abc记者,0.0
这记者太棒了，问的漂亮，让他们哑口无言,1.0
我现在看到霍顿表情只想:哈哈哈哈哈哈哈哈哈哈哈哈哈哈哈哈哈哈哈哈哈哈哈哈哈哈哈,0.0
豁我盾,1.0
问的好，霍顿不回应就是伪君子,1.0
霍顿这脑残傻缺除了尴尬的笑之外，也干不了什么别的了，这脸啪啪的打,0.0
哈哈哈哈哈哈哈哈哈哈哈哈哈哈哈哈哈哈哈哈,0.0
澳大利亚一群阳性，霍顿大嘴闪亮登场,1.0
哈哈哈哈，其他人都是尴尬的一批🤓🤓🤓🤓,0.0
有请霍顿继续主持正义,1.0
呵呵，沉默就可以了？ 呵呵，双重标准？ 见不得别人的好，看不见自己的脏！,1.0
记者:我很好奇你有对×××的争议有任何话说吗霍顿:她真该禁赛 记者:你现在后悔自己在领奖台上的举措吗霍顿，不后悔，因为我一开始就知道他会赢 我没资格和他合影 记者:有任何支持的话说吗 霍顿:我希望接下来几年里金牌都是孙杨的 记者:任何想法 霍顿:应该把我的里约400冠军取消给孙杨，并把我终身禁赛,1.0
不用担心，因为我早就开始说你们伪君子了呢伪君子伪君子伪君子伪君子伪君子,1.0
霍顿就是个辣鸡东西,1.0
双标狗,1.0
此时此刻，有木有笑到喷饭？,0.0
天道有轮回，苍天饶过谁,0.0
霍顿：我没有什么好说，赛场的领奖台上已经证明了一切（说完霍顿应声跪下）,0.0
还没结束，就啪啪打脸，双标,0.0
沉默啥意思？这也不是你的风格呀，说两句呗,0.0
霍顿：光会游泳还不行 还得学做人？唉 心好累,0.0
sy os：哈哈哈哈哈哈一群zz,1.0
他耳朵聋了，听不到声音了,0.0
记者帅了，应该给他唱一首：打脸来的太快就像龙卷风,0.0
这人已经没素质到没救了,1.0
霍顿：那一场小风波 将一笑带过 在感情面前 讲什么自我 要得过且过 才好过 全都怪我 不该沉默时沉默 该勇敢时软弱 如果不是我 误会自己洒脱 让我们难过,0.0
还默默说了句fuck,1.0
哈哈，集体装聋作哑。,0.0
哈哈哈哈哈哈哈哈哈哈哈哈哈哈哈哈哈哈哈真的想笑！,0.0
伪君子？？别埋汰岳不群了好吗,1.0
哈哈哈该,1.0
请问看见狗顿的脸就想抽他怎么办,1.0
霍顿:没办法好可怕那个我不像话一直奋不顾身是我太傻… 队友:哥我也打药了…你别这么刚 我现在心里慌的一批,0.0
笑死 打脸来得快吧,1.0
哈哈哈哈哈哈哈哈哈哈哈哈哈哈哈,0.0
这个记者真敢问,0.0
不知道那个泳坛传奇会不会从背后踹那个尿检阳性的本国运动员,0.0
丢不丢人丢不丢人,1.0
打脸打得太快，就像龙卷风～～哈哈哈～～～,0.0
他怎么不喷了？吃了泻立停吗？,0.0
逮住我笑死 咋不说话啦？不当正人君子了？哈哈哈哈我的妈,1.0
霍顿的故事告诉我们，久跪伤舌头，可怜的他已经无法说话了🤔,0.0
脸疼吗？？？,0.0
霍顿:我承认不站上领奖台是有难言之隐的。,0.0
记者也是好样的啊，你不回答就是一直追着问。要是回答了还有更狠的问题接着问,0.0
霍顿：孙杨吃药了  记者：你怎么知道？  霍顿：我吃了药都干不过他！ ,0.0
我是谁，我在哪，我做了什么……,0.0
哦，原来霍顿听不懂英语,0.0
霍顿该配合你演出的我，演视而不见！,0.0
打脸不？瞧霍顿躲躲闪闪急着逃避那样儿～怂包一个,0.0
尴尬得让我的大拇脚指头都蜷起来了哈哈哈哈笑死我了,0.0
中国的那些记者在干嘛呢？,0.0
？？？？长嘴出气吗,1.0
看了好几遍根本停不下来,0.0
霍顿：关我P事，莎娜又没赢我,0.0
想问一句：脸疼么？？   呃，忘了他们没有脸。恕我打扰了,1.0
问得好，打脸来得如此迅速,0.0
霍顿：全都怪我  不该沉默时沉默  该勇敢时软弱,0.0
好尴尬，哈哈哈哈哈哈哈哈哈哈哈哈哈哈哈哈哈哈,0.0
肮脏的白皮🐷 怎么没话说了,1.0
感谢这个记者，帮我在现场追问到他尴尬,0.0
Loser,1.0
香港媒体就问不出这种有深度的话,0.0
霍顿：全都怪我，不该沉默时沉默，该勇敢时软弱,0.0
别问了 已经哑了……,0.0
这记者有前途,0.0
旁边的男运动员笑得多开心,0.0
太爽了哈哈哈哈哈哈哈哈哈哈哈哈哈,0.0
哈哈哈哈哈哈打脸来的太快就像龙卷风,0.0
哈哈哈哈哈哈哈哈哈哈哈哈哈哈哈哈哈哈哈哈哈哈哈哈,0.0
我好像看见农夫山泉了......,0.0
天道好轮回，苍天绕过谁,1.0
不是挺能白话的嘛,0.0
哑巴了？,0.0
哈哈哈哈这脸肿的，其实霍顿这孙子是暗恋大白杨,1.0
打脸来得太快又疼又不要脸,1.0
哈哈哈哈哈哈霍狗,1.0
霍顿：脸疼 不想说话,0.0
这人是个奇葩吧,1.0
脸疼吗,0.0
哈哈哈哈哈哈，打脸来得太快就像龙卷风。霍该！！！,1.0
报应来得太快,1.0
不用担心喔  你们就是伪君子,1.0
霍顿，还不快跪下,1.0
所以孙杨到底有没有用啊,1.0
唉，霍霍忘了自己祖宗都是些什么货，它自己是什么货色？,1.0
想当网红应该趁着在韩国把下巴锯掉十公分吧 不然去哪儿都是人没到下巴先到了,1.0
现在说不出话来了？早特么BB啥？,1.0
哈哈哈哈哈哈哈哈哈哈哈,0.0
五连击 这大嘴巴抽直接尿失禁！！！,1.0
这记者真不错👍正义！,1.0
为什么观察者网火的视频都是其它媒体发出来的？,0.0
估计都有问题,0.0
感觉当记者要能抵御尴尬症,0.0
记者很敬业啊,0.0
澳狗们迷之微笑,1.0
霍顿一直想往队友身边凑，队友可能觉得丢人一直躲着他,0.0
刺激,0.0
问的太棒了,0.0
"亮点是追问的记者是澳大利亚媒体的，公正、客观, 不被狭隘民族主义裹挟, 相信那位记者也不会被本国人骂胳膊肘往外拐。",0.0
沉默是今晚的康桥,0.0
霍顿你到底是说话呀？在我们这，要是问你话你不回答，会被骂你哑巴了的,0.0
记者加鸡腿,0.0
活该，自己打自己嘴巴子，这回打的全世界的人都知道，本身当一个安静的loser大家还会尊重你，非给自己成为loser找个借口，哈哈，搬起石头砸自己的脚！,1.0
哈哈哈哈大型打脸现场,0.0
怎么不叫了？？？,0.0
哈哈哈哈哈 漂亮,0.0
祸墩,1.0
霍顿内心估计在骂猪队友让他这么尴尬了哈哈哈哈,1.0
这些白东西脸倒挺好看 内里却是那么龌龊肮脏,1.0
靠，爽,1.0
这下子不BB了，脸打肿了吧？,1.0
整个西方都是伪君子，文化使然,1.0
这个记者问得舒服,0.0
霍顿应该成为澳大利亚的笑柄了吧,0.0
懦夫,1.0
我特么真想抓他脖领子扇他的比脸,1.0
女队友急促的在啃手 都掩饰不住的尴尬,0.0
哈哈哈哈哈哈哈哈哈哈哈哈打脸来的真快,0.0
丢人现眼,1.0
还有脸笑，狠狠滴打你的脸脸，无耻霍顿,1.0
有点像山东枣庄的官员,0.0
澳大利亚游泳队服用兴奋剂不是传统吗？有什么好害羞的,0.0
虚伪,1.0
霍顿肯定想，我都磕了这么多药，你还能赢 说明你也嗑药了,0.0
哈哈哈记者干得漂亮，原来真的有现世报这回事,0.0
哈哈哈哈哈打脸了吧,0.0
记住，white trash always the trash,1.0
这记者真不懂事，不就吃个药片吗？像谁吃过似的。再问，他当场吃给你看,1.0
霍顿看着跟个白痴一样,1.0
哈哈哈  好尴尬哦,0.0
哈哈哈哈哈哈！,0.0
脸好痛哦,0.0
这记者问的漂亮,0.0
收皮了，霍顿~！袋鼠佬~,1.0
本来集体高潮，现在全部哑巴了。,0.0
ABC的记者？好样的,0.0
霍顿，斯科特，博古特，澳洲泳坛传奇等等，我只想说，无耻至极。,0.0
超级尴尬,0.0
尴尬了吧！,0.0
问得好，朋友,0.0
所以，人不要太狂妄！低调做人。,0.0
太尴尬,0.0
哈哈哈笑死我算了,0.0
我爱死这个记者了,0.0
尴尬了,0.0
绅士，绅士，霍顿你把绅士的脸丢尽了,0.0
逼装的一绝！就这水平，到底怎么进的前5？,1.0
请把最酷改成最装逼,1.0
确实是青霉素 不过发霉了,0.0
听绿洲也就图一乐，要想听真正的英伦还是得听盘尼西林,0.0
你看他那左顶胯恶不恶心,1.0
就 前面明明还蛮正常的,0.0
装逼乐队我爱你,1.0
一个人把三十一支乐队的逼装完了,1.0
炒CP 摇滚乐的耻辱,1.0
很喜欢盘尼西林，继续加油,0.0
为什么要黑盘尼 听歌就好了啊,0.0
和欧阳娜娜绝配的恶心,1.0
超喜欢盘尼不接受任何反驳,0.0
懒得黑了,0.0
不酷啊,0.0
我心里的前五应该有九连，而不是这支,0.0
歌唱的不咋地，逼装的挺好的。,1.0
饭圈那一套别来,0.0
守护全世界最好的张曼乐,1.0
确实是有才华,0.0
小羊🐑,0.0
含明量这么高的乐队主唱也能前五？？？黑幕,0.0
撅着腚的rock star,1.0
喜欢小乐，喜欢盘尼西林,0.0
最讨厌的一支，只是因为他们的主唱,0.0
好意思吗好意思吗？舔来的5还装得真实吗？,0.0
还我的九连，哭死了，凭什么啊！！！投票太不合理了,0.0
其实痛仰最不该进前五。不过是老乐队粉丝盘大。就像彭磊说的 大理范。应该换成海龟先生,0.0
不管别人怎么说，我就是喜欢盘尼西林，喜欢小乐。,0.0
哈哈哈哈哈哈！别的乐队下面都是喜欢喜欢喜欢爱，盘尼西林下面是骂骂骂骂骂骂骂骂战，有意思。,0.0
我就是来看评论是怎么骂他们的  看见热评我就放心了,0.0
我觉得我们不属于英伦乐队，真正的英伦乐队只存在于那个岛上,0.0
模仿的也恶心,1.0
问题是歌也不好听啊,0.0
加油！！,0.0
这帮喷盘尼的就知道个绿洲。哈哈哈哈哈,0.0
抄袭也能前五，真魔幻,1.0
配?,1.0
唯一的黑点,0.0
希望去做自己，走出自己的一条路,0.0
黑人家的 请抱起你们的琴说话,0.0
rockstar属实牛逼,0.0
ricky那句笑死我了,0.0
是怎么进前五的，节目组心里没点逼数吗？请的超级乐迷欧阳娜娜，不能做好公平二字，就别出来了，请你们第二季不要请这样的人，好吗,1.0
键盘侠就知道绿洲,0.0
来吧，年轻的艺术家们。,0.0
这个节目感觉是把这个乐队给毁了 哈哈哈 真好 真棒 让你装逼,1.0
为什么要不九连真人投走！不公平！！！,0.0
九连比你们好,0.0
盘尼不差，但是听完夜游神真觉得节目组干了件大傻事，毁了一个经典的节目，虽然这是你家做的想毁也没事，但是那种功亏一篑的感觉还是让人不舒服。,0.0
你这个两轮投票为什么公布第一轮得票数？这不就是赚取同情分好让你们用来平衡利益吗？不是针对盘尼西林，老是把观众当傻子真的没意思。本来以为这个节目会不一样，没想到综艺的恶臭触角已经延伸到原本还算纯净的乐队圈了，一方净土没了，一寸都没了。,0.0
拿着别人的同情分占走其他人的位置真的是够够了,0.0
巡演一定要来成都呀,0.0
盘尼西林是好乐队。注意，我只说乐队好。,0.0
恶心人,1.0
我就这样我就这样,0.0
客观这词就不该存在。歌吧，用的的确是不要怒回头的套子，情有可原，好听的套子就这么多，旋律改改都不能石锤抄袭。但很多人讨厌就有问题了，是得想想怎么办了。在综艺上了解到他们的听众很难做到作品和人分开看，想走着路就得担这风险。我还很喜欢斯莱屎呢，我不能学他乱吸东西啊,1.0
我喜欢,0.0
我看了些什么啊……眼疼，赶紧关门歇业吧，求求了毕竟你爹从屎坑里捡了个你，这下没的屎儿捡了，捡了个儿子低调点不好么？还谈啥体育,1.0
你个傻🐶 ，笑死我了，什么叫捡的？那是因为第一犯规了，这么说犯规还做对了？脑子呢,1.0
你是中国人吗？你行你上啊。！搁这bb啥bb！！孙杨就是中国人的骄傲，就是牛逼！把你一天天搁这漂！！！,1.0
你是个狗???外国人养的狗???,1.0
为啥东北有你这个渣渣   还是女生？   第一他没捡冠军  第二你地域歧视就看出来你是个孤儿,1.0
您是哪里人？口水多过茶,1.0
您的言论和您的ID昵称一样，都是“形而上学”,1.0
四天七枪全场唯一一个运动员，28岁一身伤病，已为中国揽获两枚金牌，这几天疯狗乱咬外媒诬陷，孙杨上线数次心里压力可想而知，站上赛场已是胜利，别问，问就是孙杨🐮 🍺,1.0
你个low13玩意儿每天吃屎喝尿长大的吧，还顶着这样的昵称去黑河南人，你个该死不死的玩意儿,1.0
您别挂着河南旗号招黑,1.0
他吼的是那个对他不敬的白皮猪OK？,1.0
wcnmb,1.0
这么没教养的🐶 ，笑死人,1.0
你有病哦,1.0
？？？你是国人,0.0
你他妈全家死了,1.0
哪里来的狗？,1.0
你要是心底就这么低俗    那你生活的好了 真是老天瞎了,1.0
你有🧠吗？,1.0
素质好低...,1.0
真的有那种可笑的哈，人家得第几要你寡，想红想疯了吧，不拿金牌也是我们中国人的英雄，你算个啥。,1.0
这些点赞的人都疯了吧，哎同志们，还有114个疯子,1.0
你个怂～   来    说话,1.0
孙杨赢了全世界，却输给了中国喷子,0.0
怕是想红只有这种途径了,0.0
素质？你配🐎？,1.0
你不是中国人 不知道爱国 你爸妈真失败 最失败就是有你 不说人品怎么样 连自己国家的运动员都能k你真棒咯,1.0
滚蛋吧你，你应该成年了吧？瞎说是犯法的如果没成年确实也是幼稚的人说出的话,1.0
外国舔狗，不护着自己家人还帮别人？你可真长脸,1.0
你有什么毛病嘞？,1.0
捡也要游到第二才捡的到啊😄你有这运气吗？,1.0
你可以不知道28岁对一个游泳运动员来说代表着什么，你也可以不知道四天七枪对一个游泳运动员来说代表着什么，但是你得知道，男子1500米自由泳的世界纪录保持者，他叫孙杨。,1.0
还在这蹭热度呢，孙杨靠的是实力获得冠军，你才捡呢，脸去哪呢，还整的地域歧视狗,1.0
你妈死了,1.0
袁爷爷让你吃太饱了,1.0
你是不是有病！什么是捡来的！你那么会捡，你怎么不捡一个呢！真丢中国人的脸！,1.0
当键盘侠还说别人有没有素质 你貌似没资格吧,1.0
我请您把脑子里的水排一排,1.0
您厉害您上,1.0
你有病么？,1.0
孙子,0.0
你这个孙子,1.0
这人是澳大利亚的狗吧，滚出去我真服了，c怎么会有你这种人， 我们已经辜负了刘翔,1.0
你去捡一个试试,1.0
我寻思你这个社会底层的孤儿也就会在网上叫唤几局了，其实现实中连条狗都不如，有娘生没教养社会渣子，赶紧回你吗的工地搬砖，别来秀您的可怜智商了,1.0
你恶心的不像一个中国人,1.0
真是恶心你,1.0
滚蛋吧,1.0
带你🐴 的话题呢？蹭什么热度呢？,1.0
sb,1.0
做人不要太霍顿？！,0.0
真是越想越气cao 你这种人不配活着 你tn智障真高 你有本事去捡一个冠军给我看看,1.0
就你聪明？？孙杨参赛强度之大你受得了？？400百冠军要多少体力？？作为中国人嘴嗨中国的骄傲孙杨来蹭热点？？,1.0
昂，，我想说，，犯规都是因为涉及到距离才叫犯规的，，不然什么是犯规？快别瞎分析了行吗。。给你明白坏了，用最正经的语气说最没根据的话，，啧啧啧，键盘侠。。,1.0
哪个医院放出来的神经病，赶紧过来抓走‼️,1.0
右上角举报就🉑️ 别多bb,1.0
请说话过脑子行吧,1.0
请你原地si,1.0
一看你就知道你五行欠差，没事找抽，姥姥不疼，舅舅不爱，驴见驴踢，猪见猪踩，天生就属黄瓜欠拍，后天就属核桃欠捶，终身就属摩托车欠踹。,1.0
怎么会有人心理阴暗到这地步赶紧多晒晒太阳,1.0
在没有了解清楚之前，其实我们都不是当事人，怎么可能了解真相？你是事发当时的针孔摄像头吗？千里眼吗？你不是。孙杨可以代表大家吗？可能他可以。但绝大多数人，严格意义上，是“被代表”。你连真相都不知道，就战狼怒吼了。针对这件事，尊重国际泳联的决定，才能避免被打脸。,1.0
你是母狗还是公狗说句狗语听听废物东西，没妈玩意儿,1.0
这算不算散播不良言论，损坏他人名誉？,0.0
孙杨到底有没有使用违规药品？其实我们应该换种问法，“药物使用”在泳坛是不是大家都心知肚明的事？据说欧美一个队伍哮喘可以哮喘10年，而某国心肌病可以拖6年，这其实是在耍医生的智商，因为明眼人都知道这两种病是游泳的禁忌。其实真正的对手，输赢乃兵家常事，好比林丹和李宗伟，好哥们，好对手。,1.0
这什么玩意……,1.0
如果消息来源只是国内，那么大家自然会有“战狼”式结论。如果综合了全世界媒体的报道，可能会有其他的结论。前提是，你能知道更多的信息，而不是“我不听，我不听，你们就是诬陷，你们就是嫉妒。”其实运动员在这种国际比赛代表的当然不是他自己，也是国家机器。不要盲目跟风，也不要丧失判断力。,1.0
泳联的警告对不对放到一边，银牌怎么了，至于这么喷？别瞎分析了，去偷井盖吧。,1.0
你不懂体育竞技比赛，规则就是一切，遵守规则也是实力的一部分,1.0
哎呦，给你明白坏了呢,1.0
泳联的警告跟那位选手犯规有啥关系  那位选手自己也承认犯规了  你要是可以改变就去问一下泳联把你的意见加进去啊,0.0
你还是不是个人？！,1.0
我可去你妈的吧,1.0
每年那么多无辜女性被杂种强奸，也该你妈体会体会了吧。,1.0
沙比一个草泥马，死全家,1.0
Nmsl了吧,1.0
自然灾害谁也无法避免 但请不要对地市有攻击   劝你善良,0.0
劝你善良,0.0
您是有什么疾病？,1.0
吃饱了撑得？,1.0
你他妈有病？？？,1.0
你说的是人话吗？,0.0
恶不恶心？,1.0
你不应该让他转弯去日本🐴,1.0
这tm也能扯上孙杨，孙杨是你爸爸啊，不带他不会说话,1.0
150米转身还是第一，说明最后50米明显被人追上了，所以，只能说运气好,1.0
人家是凭实力，你有啥资格这样说,0.0
屎可以乱吃，话不可以乱讲！！！,1.0
什么叫做孙杨捡了一个冠军,1.0
好好找热度，，炒作，放心吧，你是活不长时间的,1.0
脑子有问题。你不应该去精神病院吗？就那么想让人家死,1.0
你真是个世间稀有的脑残，活着就是浪费粮食！,1.0
神圣的北大怎么去会有你这样的败类，简直了。赶紧改一下，恬不知耻！,1.0
尼玛死了吗，你个脑残,1.0
宁药王现在身体不行，还不快回家看一看药王,1.0
滚，廾泥草,1.0
大家都盼着你暴毙，你什么时候自我了断？,1.0
杨狗,1.0
你是吴奕萱的狗奴才？,1.0
他站在领奖台上的时候你在干嘛。吃💩吗,1.0
有闲空在这诅咒别人不如去为国争光,1.0
你真是中国的耻辱,0.0
您这么厉害请问您怎么不去领个奖牌,1.0
社会的败类，国家的耻辱，就是你。,1.0
脑子有问题。不应该去精神病院吗？,1.0
其实我向来不愿拿生死关天的话题说事，但，说实话，我经常真情实感地诅咒你，而且情真意切地期盼着你早日暴毙升天,1.0
亲爱的霍顿先生，您真是大错特错。您得罪的就是13亿中国人，只是您忽略了一个事实，中国的网民只有2亿，的确是您所说的一小部分,1.0
大家你们搞错了 这又是一个无辜躺枪的路人 霍顿那脑残还向他道歉呢,1.0
为什么是乔任梁死不是霍顿死,1.0
霍顿微博的评论数量即将迎来一次小高潮,0.0
我相信你能够翻译出来，我不想用英文和你说。你就是一个垃圾货，谁是真正的失败者，大家都一目了然，你妈光生了你，忘了教你怎么做人，怎么懂礼貌。你觉得你就是真正的冠军吗。最好认清自己的嘴脸。必须像孙杨道歉，你就是个不折不扣的垃圾。,1.0
你要感谢马蓉，要不你死定了,1.0
无意点开 逝者安息🙏🙏,1.0
哎，霍顿......你不应该为一时口快毁了自己的名声，如果不了解事情原委就不要空口侮辱别人好吧，你的言行代表了一个国家，你应该道歉，难道想此后一直受到我们国人的谩骂仇视和抵制吗？在颁奖仪式上我们的解说员还不忘对你表示祝贺，但是你反而这样蓄意攻击我们的运动员，是不是太不厚道？,1.0
讨厌他的点赞，我统计一下,0.0
再见，希望来生你的品质再差点，这样全球都会来骂你的，你不必去水里游，去骂声里尽情地徜徉吧,1.0
告诉我怎么翻墙,0.0
最有趣的事情就是我们看得懂英文但你看不懂中文,0.0
如果能用你的命换回kimi多好,0.0
能在奥运会上夺冠充分证明了你的实力，当初看了颁奖仪式我对你的第一印象还不错，戴着眼镜，有一头整齐的金发，挺白净斯文，风度翩翩。没过多久微博就传出了你的言论，铺天盖地都是网民对你的谩骂，一开始我还坚持认为是有人故意造谣带节奏抹黑，只是后来更多的确认消息让我颇感打脸,1.0
马蓉拯救了你,0.0
几个月过去了 别以为中国人已经忘了这档事 呵呵哒,0.0
觉得霍顿游泳没有咱孙杨千万分一游地好的，请点赞。,0.0
艹，王者输了，好气，好想骂你gun,1.0
因为你没有脑子，身体比较轻，游得快，加上你爱放屁，比赛时有推进力，这些都没有违反规则，因此你是孙杨的克星，孙杨赢不了你。对我，我忘了你2020年要参加残奥会，都没法和孙杨一起比赛了，祝你2020年东京残奥会夺冠,1.0
八月份你惹我大白杨，现在十月份仍有人在骂你，看到这些我也就放心了，我不会那么多英语，只能送你一句fuck,1.0
没什么事又来骂你了,1.0
我觉得你和马蓉能被骂到下届奥运会,1.0
霍顿啊，回国啦，听说你们总理来迎接你们这些所谓的奥运健儿，难道你们总理是傻子吗？会迎接你们这些蠢货，无教养的人就不应该受到尊重，你们总理亲自去迎接，也是看你们为国得了几块奖牌，你呀，还是回家让你妈教教你如何做人吧，哈哈！！！！,1.0
🙂霍顿我是你失散多年的妈妈,1.0
艹现在才知道你有微博，后悔没多骂你,1.0
看到现在还有人骂你我就放心了,1.0
霍顿尼玛炸了。you are the son of bitch,1.0
奥运会结束了，可我还是想每天过来骂你一遍,1.0
霍顿在我手里，赞一下👍捅一刀～,1.0
或炖个🐔吧,1.0
妈卖批，没事就想骂你,1.0
欺负杨哥的都没好下场，霍顿你个垃圾！！！！,1.0
今天渣浪莫名删我微博 心情不爽 来骂骂你个垃圾,1.0
一辈子都不要来中国了，不然你会死的惨,1.0
每天骂一遍，活到九十九,1.0
所以你才只知道ins50万骂你,1.0
我觉得他能一直坚持的他观点也很不错，为自己理想的体育精神而努力，原本我也骂他的，后来中国游泳队还真出了兴奋剂，我觉得有必要反省一下了，他说的是事实,1.0
天堂没有伤痛！霍顿一路走好,1.0
或吨儿，你顶多就是个这个:💩,1.0
你是蠢猪！听懂吗？哦！给你这泡狗屎翻译一下:You stupid jerk!,1.0
毛主席说过:如果敌人夸奖我们，那很不好；但如果敌人诋毁谩骂我们的话，那就太好了，说明我们的工作做到位了，让他们不舒服了。,1.0
每天都不忘记来看你一眼,0.0
看到还有人骂，我就放心了,1.0
竟然到现在还有人在骂你，我就放心了,1.0
怎么才24万？,0.0
你怎么敢有微博？？？,0.0
霍顿是我家中华田园犬的名字，别骂了,1.0
"放弃800米?别呀,我还等着看你笑话呢,现在知道怕了,垃圾就是垃圾,对了,你知道吗,我们大白杨现在状态可好了,不服来战!",1.0
其实水里并不好你应该上天和太阳肩并肩,1.0
如果每个中国人都给霍顿一块钱，那么他就是富翁；如果每个中国人都给霍顿一个耳光，那么他就是猪头；如果每个中国人都给霍顿一口唾沫，那么霍顿就算服了兴奋剂也要被淹死。,1.0
感觉好久没来骂你 都想你了,1.0
来了，隔了那么久看看你死没,1.0
哈哈够了 这微博早就不用了,0.0
请    霍顿必须向孙杨道歉（顺便教你下基本的礼貌,1.0
今天心情不好,0.0
打卡,0.0
最近你说 你只是惹怒了小部分中国人？你错了！只是大部分中国人不想理你这个渣而已,1.0
里约残奥会，是时候去了，霍顿,1.0
今天是霍顿去世的第好几天 希望地狱也有奥运 希望你再次夺金,1.0
水中跪族,1.0
哈哈哈输了吧小辣鸡,1.0
我靠你现在成绩也太差了吧,0.0
你他妈是真垃圾呸！！！,1.0
别以为大家忘了，吗你的人还在呢辣鸡,1.0
被霍顿打脸了，还好意思骂他，他起码不会1500米退赛，有的人怕血检找借口退赛，欺骗了世界。人不该脑子那么简单那么容易被蒙蔽,1.0
翻到你来骂你了,1.0
看到依然还有人准时打卡我就放心了🙃🤓,1.0
俄罗斯黑客曝光了澳大利亚女泳队两个持证嗑药的，霍顿先生出来走两步？,1.0
你们国家的嗑药骗子都被爆了，快去怼啊,1.0
哈哈哈哈哈哈哈到现在还有人骂你 自作孽不可活,1.0
一辈子别想来中国,0.0
只顾着骂马蓉了，快把你这厮忘了,1.0
大家快用中文骂他，然后让他自己一个一个翻译,1.0
还有脸用中国微博,1.0
你好，你现在还像以前那么撑牛13吗？还满嘴放狗屎吗，还放弃不会打草稿吗？  是人都比你有礼貌，但你也可以像狗狗之类的请教，之后狗狗们不嫌弃你臭,1.0
今天王者农药总输  心情不好来骂骂你    nmmplgbz,1.0
闲着无聊来问候你一声，你大爷的,1.0
到现在都有人喷，也是没谁了,1.0
开学了心情不好来骂你,1.0
过了年后来给你扫扫墓,1.0
心情不好，就来骂你啊啊啊啊,1.0
看到还有人在骂你我就放心了,1.0
看见你就想骂你垃圾,1.0
骂不能停,1.0
心情不好就想骂你个贱人,1.0
辣鸡 别乱讲话 懂,1.0
mother  fucker,1.0
YOU are a SB,1.0
我就是过来看看你屎没屎中国人民很记仇的,1.0
看到现在还有那么多人来夸你我就放心了…,1.0
贱货,1.0
还没死呢？,1.0
你个王八犊子,1.0
孙杨问教练：今晚吃什么？ 教练：煮鱼或炖个鸡吧。 孙杨：后面是什么？ 教练：或炖个鸡吧！ 孙杨：大声点好吗，让世界都知道！ 教练以及全体队友：霍！顿！个！鸡！吧！,1.0
一看这么晚了还有人骂你，我就放心了。,1.0
哎哟我天  看到还有人这样坚持不懈的骂你我也就放心了,1.0
俄黑客公布第五批禁药名单，有澳大利亚的坎贝尔，里约奥运女子4X100自接力冠军成员。她服用药物为沙丁胺醇和沙美特罗。此外，澳大利亚还有两个游泳运动员在该名单中。,1.0
你这是止不住地被人骂啊,1.0
打卡垃圾,1.0
看到你被骂心情会好一点点哈哈,1.0
你为何还能这么理直气壮的公开声明？50万只不过是能翻墙到你主页骂你的人数 别的交流平台呢？中国国内平台呢？线下交流呢？我们想骂你，可以找到许多途径，没必要统统报给你,1.0
天天过来骂骂你,1.0
你说你只惹怒了一小部分中国网友？让你见识见识🇨🇳网友的厉害,1.0
虽然奥运会结束了，还是忍不住过来看看骂你的评论,1.0
MLGBD，你TMD在多掰掰一句孙杨，你试试的！滚回你的AUSTRALIA喝奶去吧！,1.0
你个臭袋鼠精，有什么资格侮辱大白杨,1.0
还发微博，心态很好啊这智障，看来从来不看评论啊,1.0
别拿你这种吃屎的素质侮辱孙杨，我TMD告诉你，我们大白杨可不是好欺负的，2018年比赛就在萌萌家门口，有种你来啊！,1.0
你还在被骂,1.0
退赛算什么本事，有本事别退赛，怂包，懦夫！你永远是失败者,1.0
霍顿一路好走，天堂没有痛苦🙏🙏,1.0
输了吧，打脸不？,0.0
你就是个垃圾 你女朋友是个婊子,1.0
里约奥运都过去好一段时间了 看到还有人骂你我就放心了,0.0
看到还有人在骂你我也就放心了,1.0
看到今天也有人骂你．我就放心了．,1.0
斑点狗,1.0
你给我回来，看看到底又多少中国人会说你！绝对唱过澳大利亚总人口,0.0
原来霍顿有微博,0.0
心情不好来骂骂你,1.0
我只能说一句话，开学我要好好学英文 要不然还不好骂你,1.0
别来中国了，玷污了中国土地,1.0
你这种人就是素质被狗叼走了,1.0
这里明显有个水军，卖国贼，汉奸,1.0
你就使劲嘚瑟吧！把素质和脑子都嘚瑟没了,1.0
我操你妈。什么？听不懂？哦！Fuck your mother!听懂没？宝贝儿,1.0
你游泳像蔡徐坤,0.0
谢谢你的激励,0.0
准备世锦赛了 你继续胖吧 垃圾💩💩💩,1.0
看到大家现在还在骂你，我开心多了,1.0
刚睡醒 跑来骂你  祝你全家原地爆炸,1.0
我快忘了你😂😂快来加深印象,0.0
原来到现在还有人来骂你，我很满意🙃,0.0
zhizhang    尼玛币,1.0
你国游泳队两人持证嗑药，你怎么看,1.0
贱人=霍顿=马蓉=宋喆！✔,1.0
我就说一句  那些说祝霍顿在残奥运会获得金牌的人  不如简单明了说他明天出车祸会比较靠谱 死了就死了  残疾了也不配题名奥运会  还有我想说一句 希望大家多多关注残奥运会 毕竟他们那些运动员会比健全的运动员付出的努力还要多  他们也在为国争光 难道不是嘛,1.0
哈哈笑死我了，一边嗑药一边指责别人，坐等霍顿嗑药被抓,0.0
你好 我是来日常骂你的  fuck,1.0
霍顿忘记了，他还有个中国的社交软件,0.0
八月最后一次骂你 新的开始不想再有你的消息,0.0
他估计再也不敢上微博了,0.0
"你的墓地我都看好了，遗照我们都给你做好了，你不需要捐眼角膜因为捐了心蒙蔽了眼睛也没用，也不用捐脑子，你缺智商也没用，如果你愿意可以捐脸皮，我想应该能研究防弹衣。最后你那么能吹牛,给你两条路，上天的话，那里不会歧视智障，入地的话那么不会有人给你夺第一。还有就是来中国，让你永世不超生",1.0
你女朋友跟宋喆跑了,0.0
你个贱人！,1.0
来来来各位去ins底下骂，估计这人早吧微博卸了,1.0
祝你1500米决赛游最后一名,1.0
看到还有人骂你，我就放心了,1.0
像你这种猪狗不如的东西，真的恶心到家了，小垃圾，就你会骂人?上辈子没长嘴?,1.0
200米半决赛11名，恭喜你被淘汰，现在真怀疑你奥运会嗑药了,1.0
去你妈的,1.0
实力打脸，you are a 大傻X,1.0
刚看了直播，落後孙杨很多啊，游成这样好意思挑衅别人吗？,1.0
祝你明天开始的比赛输的一败涂地，预赛就被淘汰,1.0
肚子疼，很不开心，来骂骂你这个垃圾,1.0
垃圾，fuck,1.0
碧池,1.0
怎么，还想上跑男啊，滚回去磕药吧,1.0
没事来骂骂你,1.0
Loser！,1.0
嗯晚上睡不着，来看看你这个傻缺。咋不逼逼了嗯?成绩没别人好不敢吹了吼,1.0
原来霍顿还有微博。应该彻底弃了吧,0.0
曹尼玛，爸爸又来了,1.0
没事骂骂你,1.0
日常骂你,1.0
说的就是你,0.0
你野爹用你惨死在东莞的婊子妈的骨灰拌饭大口大口喂你瘫痪在床的弱智脑瘫爸爸吃,1.0
你爸爸口吐白沫，四肢无力的咽下你东莞婊子妈的骨灰惨死在后山,1.0
不知道你现在还看不看微博辣鸡,1.0
哎，愿天堂的大门狠狠夹烂你的脑子,1.0
新的一年到来了，宝宝你有没有长大呀？有没有长知识呀？有没有知道脑子是啥呀？,1.0
我失恋了心情不好，我想打你。,1.0
嗨 还是祝你新年大吉吧,0.0
半年了 差点忘了这个b了,1.0
恶心坏了我,1.0
2016翘起来了2017你该完了,1.0
你奶奶想你了，孙子,1.0
你奶奶想你了,0.0
为什么你不去死，而是乔任梁走了,1.0
对不起  这几天有点忙忘了骂你,1.0
偶尔想起了你 呵呵哒,1.0
我很想问你开微博是干嘛的………………………………………,0.0
才知道你还有微博,0.0
太阳你妈妈的咸蛋超人，身寸你祖宗的任督二脉。,1.0
黄泉路上走好,1.0
原来是吃了药的游不过没吃药的。,0.0
没想到…可以骂你到今天,1.0
霍狗是不是已经爆炸了？,1.0
谁给你的信心哪！满脸的小人样儿,1.0
水中跪族你好,1.0
应该给这货找一个经纪人。,0.0
你连孙杨脚趾头都赶不上,0.0
早点死,1.0
滚吧,1.0
美女让他精尽人亡吧！拜托！,1.0
我一猜今天肯定又有人骂你了,0.0
智障,1.0
你还有女朋友呢？我天，你女朋友眼睛瞎了吧？,1.0
有时间去整整容,0.0
别再嗑药了,0.0
关注你偶像了奥,0.0
这张丑脸,1.0
嗑药都游不过的loser别出来丢人现眼了,1.0
祝你无家可归,1.0
澳洲袋鼠宝宝吗。 杂交鼠,0.0
您是谁。。。。,0.0
磕药狗，吃屎吧你。,1.0
辣鸡玩意，就瞅你不顺眼，去你妈的,1.0
赢得了比赛输掉了人格，还说孙杨嗑药，,1.0
你真是澳大利亚那只妖艳贱霍？如果是 麻烦你 取关我家大白杨谢谢 不想我家大白杨跟你这只渣渣有一丁半点儿关系 关注他也不行因为你丫没资格,1.0
分手快乐broke up,0.0
辣眼自拍,0.0
垃圾打脸不，操你祖宗十八代,1.0
我不想说你什么。可你真的很丑。,1.0
我看你是不知道耻辱俩字怎么写。狗东西。,1.0
垃圾，🐶,1.0
长这狗模样还有女朋友???值么???真的怕是你女朋友眼瞎看走眼了吧？？？,1.0
问问你啥时候死,1.0
你必死,1.0
中国🇨🇳飘起来兄弟姐妹们,0.0
心胸窄小的人,1.0
你圈的那个圈是在说你吗？loser诶,1.0
你的比赛就是小儿科，赛场上是靠实力说话的,0.0
霍贱,1.0
哈哈哈 心情不好就来骂骂你 霍顿个垃圾,1.0
你瞅你那损样，还敢发自拍，我只能呵呵了！,1.0
长得真丑,1.0
你脸上的屎可以环绕地球无数圈了,1.0
谁给你勇气玩微博的,1.0
被甩啦 恭喜,0.0
活炖,1.0
你来中国玩玩儿，有种,1.0
女朋友估计也是个炮架子,1.0
你哪里来的勇气,0.0
你不配🙋,1.0
辣眼睛 赔钱,1.0
我们是中国人，所以大家不要跟他一样没礼貌，刷国旗就好，别骂人，丢的是国家的脸,1.0
wqnmlgb,1.0
霍狗🐶,1.0
屎黄色的头发,1.0
说孙杨磕药，我看你是吃屎了吧。。,1.0
贱,1.0
人不要脸天下无敌…,1.0
别人都秀恩爱，你要在那里秀你的麻子，请你离开网络 还网络世界一片绿色！,1.0
辣眼睛辣眼睛辣眼睛,1.0
我们骂你不是你得了金牌，我们中国人不稀罕一个破铁块，骂你是因为你嘴贱，自己赢了就能侮辱别人了吗？孙杨不论输赢都是我们中国人的骄傲，他永远是英雄，你当然不会懂，像你这样的人，即便是中国人也不会受到我们的尊重！,1.0
一看你长那样就是嗑药嗑多了，贼喊捉贼,1.0
你9你为什么不去吃屎   长成这样还有脸骂别人,1.0
你是真他妈不知道廉耻,1.0
只能说你长的太着急了，像个40岁的大叔，赶紧给孙杨道歉,1.0
刘梓晨都比你有人缘你看见没,1.0
你也是忘了之前你们承认全队嗑药的事情 普天之下 能做到你这个份上 也算是你家族的兴事了吧 毕竟是唯一一个会被挖坟的人 当然 如果他们对你的名气略有嫉妒 我们会考虑挖一下家族坟,1.0
俩丑逼,1.0
全明星鬼畜  草拟粑粑,1.0
你好恶心啊  败类的后代,1.0
请你自爱 请你自重 请你滚远点,1.0
吃大粪去吧,1.0
吃屎,1.0
记住我是清真王二狗,1.0
你妈让你回家吃大粪,1.0
妈的智障,1.0
嗑药的队友？,0.0
我没打算骂霍顿，只是觉得他太没修养，估计整天练游泳也没读多少书。虽然你怎么蹦哒都超不过孙杨，那只是能力问题，无可厚非，也不会有人指责你。但作为运动员，你的个人修为太差，还好你当不了冠军，否则简直是国际泳坛的耻辱。,1.0
你是不要脸它鼻祖嘛,1.0
坠机都为太平洋感到惋惜,0.0
自古丑人多作怪！,1.0
你女友是BZ？,1.0
恶心，犯贱,1.0
妖艳贱霍,1.0
这母狗是你女朋友？,1.0
你真是人不要脸天下无敌了,1.0
你这样也叫冠军，你只赢在了所谓的专业，却输在了人品、教养！！！You are a piece of shit,1.0
看到你这张脸我就恶心你坚决不给孙杨道歉，你的心简直就是黑的，你简直不配为人，真心从内心里鄙视你！！,1.0
狗吧？,1.0
告诉你个有趣的事情那就是你爹爹孙杨微博的粉丝比你老巢国家的人都多😂,1.0
2020东京残奥会见,0.0
丑鬼，别出来吓人,1.0
大白杨不是你能骂的,1.0
🙃🙃🙃🙃🙃'吃鱼吧，霍顿个**,1.0
心灵这么扭曲，难怪长得这么丑。,1.0
你能不能不出来吓人,0.0
我真想把你眼珠子挖出来,1.0
古拉拉黑暗之神，霍顿死妈，原地爆炸，有本事来你开个微博，看我们中国千千万的扣子手让你跪在键盘前面，磕药对吧，你妈磕药了才生下你这么个造谣狗大毒瘤，孙杨都不屑理你，孙杨得金牌的时候你和你妈搁哪磕药呢，恩？？？？很好的，你一句话得罪了14亿爸爸，滚回你的澳大利亚喝奶粉去吧,1.0
去死去死去死去死去死吧你,1.0
天天都被操,1.0
就你这速度，你还能娶到女朋友，我告诉你祝愿你和你女朋友早日分手，分道扬镳，,1.0
就你这人品，用混蛋这个词语形容你简直侮辱了混蛋这个词语！！！赢了比赛输了人品，上次人家虽然比你差0.03秒，这次你比人家差两秒多，我告诉你，你要是再这样的话，你跟你女朋友分手快乐，还有你女朋友长得真的真的很难看！难看！！！！！！！！！！,1.0
奉劝大家做人不能太霍顿,1.0
你女朋友长得真难看，跟你非常搭配,1.0
霍顿，我告诉你，就你这素质，你还能娶到女朋友，祝你和你女朋友早日分手分道扬镳，！！！！！！！。。。。。,1.0
孙杨吃得不算禁药！他是有病才吃的药，至少不像某些人一样没病也吃药，那不就是你呀？嗑药的骗子霍顿先生。,1.0
"哎呦呦，学会晒幸福了！你在这里晒幸福，为什么不去给孙杨道歉呢，没素质，更没文化！Ah youyou, learn to happiness! You sun happy here, why don't you go apologize to the sun, not quality, more have no culture!",1.0
一群母猪排队掉进了水沟里,1.0
别黑他啦！因为我快点赞赞不过来了,1.0
全都嗑药磕嗨了吗？,1.0
曹尼玛你还有脸游泳???知道点皮脸就退出体育界我告诉你,1.0
你咋个没被淹死喃？,1.0
你们澳洲人真会玩,0.0
这是母猪排队掉进臭水沟吗？,1.0
一群澳大利亚的母猪排队跳海,1.0
麻烦大家先让一让，手上的刘梓晨有点重,0.0
没淹死你们呢,0.0
你掉下去就别起来了,0.0
啰啰啰啰。来来来吃饭了,0.0
赶名目账单的来中国吗,1.0
吃屎的骗子,1.0
你就应该去死,1.0
去死！恶心他妈给恶心开门！,1.0
在尊贵的服装也掩盖不了你，丑陋的面容，丑陋的心,1.0
人品真不好，说话真难听,1.0
好猥琐,1.0
老猪沟,1.0
婊子配狗,1.0
垃圾，金牌给你有什么用！先回去学做人好吗！最起码的尊重都没有当什么奥运冠军！真不知道你们国家是怎么选运动员的，选一个不尊重人的运动员代表你们的国家，不觉得丢人吗？！赶紧把这个垃圾带回去吧！！👎👎👎 rubbish! rubbish! rubbish!    Do you know respect?,1.0
说孙杨服兴奋剂？tm眼睛是不是瞎？人家服的是心脏不适的药，关你屁事？我倒希望，霍顿服个敌敌畏下水,1.0
分手啦哈哈哈,0.0
猪腰子脸,1.0
一脸猥琐，,1.0
你女票一言难尽，你俩怎么长那么老啊,1.0
麻烦拿来你的脏手咸猪手别碰人家,1.0
一脸屌丝样也有人喜欢，说屌丝都感觉他不配这个词，巨猥琐,1.0
小混沌你在哪？比赛都跑了，哈哈,1.0
这女的   有谁想操,1.0
20岁小屁孩学人撩女人,1.0
为什么这么丑,1.0
是不是应该给这家伙找个经纪人?,1.0
你侮辱了运动员这几个字，另外我建议你回炉重造,1.0
太丑,1.0
这女的你花了多少钱,0.0
你为什么这么老呵呵呵,0.0
你别吓我为澳大利亚的霍顿狗鼓掌👏,1.0
狗男女,1.0
你好像很帅的亚子,0.0
流氓样,1.0
孙杨最棒！！你辣鸡，孙杨粉丝顶你全澳洲！嚣张什么？记住孙杨是1500米游泳世界之王！！你没资格评论，孙杨从素养问题，你不值得拿奖牌，甚至没资格参加比赛！你诋毁孙杨的时候其实你是在嫉妒孙杨实力！！！记住你没资格！！,1.0
你别侮辱别人好吗 你就不配有朋友,1.0
霍顿你这么个玩意儿，你中国爸爸教教你怎么做人，你澳大利亚那个爸爸教了你怎么吃屎，那你中国爸爸不但教你怎么做人，还告诉你什么叫连狗都不如,1.0
你不配得到国家的庇护，不配得到公民的任何权利,0.0
我国有国旗法规定相关国旗使用的方式 你违法的事情是不是事实？,0.0
那你拿国旗去签字很有水平？国旗不是属于你自己的！你凭什么！,1.0
有知识不等于有文化，有学历也不等于有骨气,0.0
我支持你，每个人都有自己喜欢的偶像，这些人智商太低了,1.0
国旗法了解一下？ 阴阳怪气干什么呢你🐴 知道你这么贱吗，首页康康这就是NBA拿国旗给人涂鸦的憨批,1.0
我学历高低不重要，重要的是你🐴 去世了,1.0
无内鬼，发点NBA球迷笑话,0.0
你亲妈都风干了你还搁着阴阳怪气闻香呢？,1.0
墙都不扶，就服你。做了这种事儿，还能自我感觉良好。不得说句真6。并不想骂你，但是觉得你的思想和行为应该回炉重造了，做其他事儿没人搭理你，但是你的行为抹黑了国家，还满不在意，其他人骂你就是活该,1.0
你咋不把你🐴 送过去给透透？,1.0
不管你是真的假的，都证明你是贱到骨子里了。你要是真的拿国旗签名还这么嚣张，要是假的只是拿这个事博出位，你他妈都活该被骂,1.0
不想骂你，祝你身体健康,0.0
把评论打开 还要设置关注 你是跪族么 憨憨,1.0
给爷爬,1.0
有种别删微博和照片啊，耿什么同是你吧？女朋友在广西玉林的，去年多次去过北京，各位宁波的朋友可以想下身边有这样的朋友没，可以割席了,0.0
你们真信是这比吗 肯定是营销号想火啊 真的签名那个敢出来说话吗 动动脑子吧你们,1.0
一路走好,0.0
长亭外古道边芳草天,0.0
学历高你就素质高了？法盲一个，别再来秀下限了,1.0
如果不是你就别找存在感，澄清一下比抖机灵强百倍哦。强行找关注吸一波黑粉之后卖号吗？,1.0
涂改国旗违法，你个司马东西连这个都不知道，怀疑你学位证书怎么拿的，美国爹给的？,1.0
大家评论完记得取关,0.0
最可笑的是之前发的微博和你现在拿中国国旗给别人签名,0.0
隔了那么远的距离还说是被拽过去的，你是棉花吗？钱飘过去给人拽的那种,0.0
错了就是错了，还狡辩，看球赛也就罢了，还侮辱国旗，无知的你，无脑的你！,1.0
大家别忘了取关！！！！！！！,0.0
您好 日您母亲 谢谢,1.0
阴阳人叫起来了？,1.0
逝者安息，无意冒犯🕯🕯🕯🕯,1.0
哟 软蛋就是你啊？咋滴 侮辱国旗你还有理？这种时候还想着蹭粉呢？大家记得取关噢,1.0
无意点开！祝宁全家身体健康,0.0
国旗法十九条，自首吧,0.0
骂人还需要什么学历？不都是怎么难听怎么来，怎么膈应怎么来么。怎么，我骂你还要遣词措句让你看得舒舒服服的？沾沾自喜得到前所未有的殊荣？,1.0
拿着国旗舔老外？,0.0
很抱歉以这样的方式认识你和你妈,0.0
爱国守法是公民道德的最低标准 有空多学学政治 别丢人现眼你的恶心🤮🤮🤮🤮🤮 真恶心 别叫自己中国人 乐色,1.0
很遗憾用这种方式认识你,0.0
可别说他是东北的，我们东北不收,0.0
当年鲁迅骂梁秋实，叫“丧家的”“资本家的乏走狗”，我感觉更适合你,1.0
我是博士生，虽然还没毕业但是想问可以骂你吗？,0.0
你妈死了 卖国贼,1.0
谁删了？,0.0
离开中国国籍就250块，你没有我们可以给你筹款,0.0
你但凡有点学历也不应该拿国旗签名啊,0.0
评论完，就取关，只希望你以后能有点家国情怀，有点常识，有点尊严！！！,0.0
都散了吧，楼主已经走了，走得很痛苦，火化的时候还诈了尸，一直喊着没有死，最后用铁链绑着烧完的。火很旺，烧得嘎吱嘎吱响，烧了 三天三夜，家属很坚强，一个哭的都没有，还有一个忍不住笑出了声,1.0
丢人现眼的废物,1.0
果然是篮球跪族家的男孩儿。,1.0
看你关注了一堆牡丹江医学院的 你是这个学院的学生吧,0.0
鲁迅：不管是学医还是学问，都救不了你这种人！我现在明白鲁迅先生为什么说我向来不惮以最坏的恶意揣测国人了，悲哀！,1.0
12点下葬吗，那你可能等不到我寄给你的花圈了。,1.0
抓进去了吗,0.0
还暴露学历，我寻思着学历在你这还有用呢？可能你读书之沉迷在了世人皆醉你独醒了。赶紧继续沉浸在自我高潮中，freedom你值得拥有。,1.0
做错事不勇于承认接受批评不出来道歉，还在这阴阳怪气的开启嘲讽？从未见过如此厚颜无耻之人！从法律上讲你知不知你已经犯法了？从民族大义上讲你知不知你配为中国人？从我个人讲去你🐴个壁的不要壁脸的沙雕逗比叼丝！,1.0
等你孩子8岁前夭折的时候，放一首好运来听听不错哦，另外被人肉出来的记得一定躲好，真的会被打,1.0
我只想说一句 就算没读过书的人都知道祖国利益第一 ,0.0
暴露学历又能怎样，学历低了又能怎样，学历低的人至少还知道不可以在国旗上涂画，而你呢？你以为自己很高尚吗？对国旗、对国家没有尊重之心、对法律没有敬畏之心，这一切只能显示出你的无知、低能！,1.0
无意点开，逝者安息🕯,1.0
这种人能人肉一下他吗？,0.0
我只想知道，你为什么要拿国旗给人签名，拿颗球或者拿点别的啥的不行？？？,0.0
大家评论完，记得取消这跪族男孩的关注,0.0
后厨说你妈糊锅了，让你铲出来,1.0
就一张图送给宁,0.0
举报他，侮辱国旗，犯法！,0.0
今天不想骂人，只想骂你,1.0
学历高骂你你才听得进去？学历不高教育你你就不听啦？敢问一句，你父母你祖辈学历比你是不是要低？所以才教育不到你这个对国旗法一无所知的逆子？,1.0
若非中国太美丽，谁愿与憨批共国籍,1.0
刷微博从来只刷不发表评论的，第一次炸出来了，无语=_=，太恶心了，tui,1.0
大家举报投诉就完事了，和他费什么口舌,1.0
我不知道你最近身上发生了什么事情？也许是你爸妈刚过世？也许你老婆给你带绿帽子？也许你有很多难言之隐，如果这一切都是真的我希望你能振作起来，加油,1.0
我觉得肯定不是他，但他有他的目的，性质更恶劣！！,1.0
微博投诉他,0.0
别忘了取关！,0.0
警察来啦，马上到你家了,0.0
给你爸妈上香,1.0
快跑吧，警察要来了,1.0
不想骂你，你不够格,1.0
你不是死了吗？,1.0
警察快来抓你了，快跑吧,1.0
等着坐牢吧孤儿,1.0
学历不高，但是我今晚是你的猎🐴人，,1.0
我没有你这个儿子，你滚出我老逼家。,1.0
你知道 人肉 是啥不 你口嗨两句你想过你亲戚朋友吗   你怕是没经历过社会的毒打,0.0
有无人肉小能手出战下,0.0
你能说这些话 证明你水平也不咋滴 你自己咋回事不道吗？内心不慌张吗？昨儿晚去的道上你的知识水平没有阻拦你一下子吗？,1.0
请去公安部门自首。,0.0
沙币还体育博主，恶心🤢,1.0
gui族，国旗法了解吗？,1.0
如果不是你拿国旗让别人签名就解释呗，自然有人是明事理的；但如果是你，被人说无可厚非，看见微博上你说是球星自己扯过去签的，从动图上没看出来，而且，不知道不让他签吗？这可是我们的国旗啊！！！,0.0
只想告诉你一句，违法了，别太跳你美爹还管不到中国内部,1.0
不知道说什么。给你妈三块钱吧，告诉她服务差了,1.0
我高中学历   你是不是来蹭热度的啊,0.0
憨憨国旗签名你还有理了 跪族蓝孩,1.0
你🐎没了,1.0
可以的 你真出名了 千万别改啊 坚持下去 做自己啊,0.0
你们别骂了，一个个点赞很累的,0.0
你🐴 惨死于莫雷胯下，死相极不安详,1.0
只是看看,0.0
膝盖缺钙就去补钙不要软骨头还有国旗拿去签名合适吗你有脑子🐴 你不配为中国人,1.0
我来看看你什么时候坐牢,0.0
你的想法和我们不一样  我一边用鞭子抽你全家人  你一见 面露喜色 赶紧拿盆洗脚水跪下给我洗脚加按摩 问我累不累 鞭子顺手不,1.0
是你吗憨批,1.0
骂你还用高学历高水平？？？给爷整笑了,1.0
给国内球迷丢脸，给中国人丢脸，滚出去,1.0
哎，所以我说，现代社会，学历和人品并不成正比。因为你这样的人，也不怪外国人不尊重中国。跪久了自然起不来。真的为我们国家一些“男人”感到悲哀。哎，真的难过。,1.0
别再秀下限了，认为自己很机灵？？？在别人眼里，你就是个跳梁小丑而已,1.0
还要加关注才能评论，行，你知道你犯罪了么？,1.0
呸。,1.0
小学毕业的🍔 🍔,1.0
我问问，你妈埋哪了？,1.0
胡主席捡起来的国旗不是给你拿去签字的,0.0
拿国旗来签名，还一副你能拿我怎么样的姿态真的很丑陋。开放评论还要嘲讽网友不要暴露学历，你这种做法学历再高又有什么值得骄傲的？,1.0
怂什么怂……,1.0
他们又故意的高声嚷道，“你一定去喊MVP了! &quot;球迷睁大眼睛说，“你怎么这样凭空污人清....”“什么清白?全网都听见你们喊了。&quot;球迷便涨红了脸，额上的青筋条条绽出，争辩道，“体育没有国....民主... .球星说要****，不是么?”接连便是难懂的话，什么&quot;体育精神”，什么&quot;球星无辜”之类,1.0
中华人民共和国国旗法第十九条 在公共场合故意以焚烧、毁损、涂划、玷污、践踏等方式侮辱中华人民共和国国旗的，依法追究刑事责任；情节较轻的，由公安机关处以十五日以下拘留。,1.0
你就是那拿国旗求签名的跪🐶,1.0
坐等吃牢饭吧哥哥！！！ ,0.0
你出生的时候是不是被扔起来三次，被接住了两次？,1.0
好好在牢里呆着吧。,1.0
来个牛逼的直接人肉吧，对这种人没必要什么仁慈道德了，搞死最好,1.0
你妈人不行,1.0
这是那个把国旗递上去要签名的狗,1.0
我怎么有点感觉像是蹭热度,0.0
有些人学历高智商不高，也就是个垃圾,1.0
你妈妈被詹姆斯和他的队友们草了七天七夜，草到口吐白沫，还是喊着不够，你爸在旁边看的津津有味,1.0
不要以为现在还安然自得，你正在失去一些东西，不信你等着看。,1.0
错了就是错了，你心疼票钱去看球，看了就看了，你心里咋想的别人也管不着，但是你让人在国旗上签字就是不能忍！,0.0
不要侮辱国旗，要签签你臭脸上,1.0
你妈死了还是咋了，让你拿国旗签名，国旗代表啥你他妈不知道，骂你是轻的。是个中国人不会用国旗签名，孩子走娘养的,1.0
敢问您啥学历呢,0.0
宁学历有多高？九年义务教育就没普及到你吧 臭弟弟连国旗法都不知道了？？？你还阴阳怪气你妈呢,1.0
根据中华人民共和国国旗法第十九条：在公共场合故意以焚烧、毁损、涂划、玷污、践踏等方式侮辱中华人民共和国国旗的，依法追究刑事责任；情节较轻的，由公安机关处以十五日以下拘留。 学历够了吗？请您自首,1.0
真是对不起，我不知道你没有妈妈，也不知道你是因为脑子没长好被你妈抛弃的。孤儿玩意儿,1.0
250请拖籍贯,1.0
你🐎死了吗，为啥不拿你🐎去在上面签名？👎,1.0
和学历有毛关系？您配当中国人吗,1.0
你们用自己的行为，给中国政府扣上了一顶破坏自由，不顾民意，专横独断的黑锅，我以有你这样的同胞为耻，感谢你让我在这盛世里感受到了大清的耻辱,0.0
有意评论！逝者安息！,1.0
很遗憾以这样的方式认识你,0.0
哟？世界第一学府的顶级教授吗？,0.0
无意点开 逝者安息[蠟燭],1.0
看完了吗 那你可以含着自己切下来的屌安息了下辈子争取做个有屌的,1.0
大家积极举报,0.0
跪族篮孩,1.0
真是丢人 sjb,1.0
去拘留所蹲几天冷静冷静可好，还管饭,1.0
你违法了憨批,1.0
有话说话，在那硬端着您没点儿病嘛？,1.0
无意点开，逝者安息，祝你和你的父母早日团圆,1.0
是你把国旗给人签名不，给个痛快话，磨磨唧唧赚流量呢？,0.0
你学历高有啥用？犯法了啊,0.0
你也配？,1.0
大家快看，这里有一个沙雕,1.0
无意点开，逝者安息🕯️,1.0
你这行为已经暴露你的学历了，我评论完了，然后取关了,0.0
12点见？贱不贱啊？,1.0
如果那个人是你，劝你赶紧去自首，如果你纯粹是来蹭热度的，我奉劝你尽快澄清道歉，造谣也是要承担后果的,0.0
我相信我的同事战友会上门找你聊聊，给你好好讲解国旗的重要性，知错能改很简单，如果你非要装b那你面临的会是绝望，走着瞧。,1.0
俺北京985本科能骂你不？你个憨批,1.0
妈妈从小告诉我，国旗都是烈士鲜血染成的。然而有人没有妈。,1.0
大家记得取关，言简意赅，评论少一些,0.0
怎么，之前对于苹果为暴徒护航的时候喊着大家换小米，现在nba为暴徒护航，就呼吁独立思考了，脑子是个好东西，不要自以为只有你有,1.0
无意点开🙏🙏🙏逝者安息,1.0
拜托 大家去人肉它有没有公司单位，光在这教他做人没有意思，给他曝光出来，单位把它赶紧赶出去，其他地方单位也不要录用这种卖国狗,1.0
知识是力量，良知才是方向。一个人没有知识可以被宽容，但如果没有良知就不行,0.0
你咋不拿你妈用过的卫生巾签名呢，也是红的,1.0
真的不想牵扯无辜的人 下次蹭热度记得把关注里生活中的朋友全都取关 一群女孩子 还叫外号互动 很显然是认识啊 黑龙江人实锤了,1.0
见不见能咋地，不是你的话，你蹭什么热度，抖什么机灵！！！真是可恶,1.0
就是想骂你，没得道理！,1.0
我和我女朋友都很尊重你和你妈妈，后来我一想，不对，我没有女朋友，你也没有妈妈,1.0
去自首吧,0.0
来的晚，没看到具体证据，到底是不是这个人拿国旗给人签的名,0.0
祝你身体健康万事如意长命百岁,0.0
我问一句，用国旗给别人签名，你咋想的啊？小时候红领巾写名字留下后遗症？你现在是个大人了啊……,1.0
不怪人家看不起你，都说在外受歧视，这种歧视是国家给你带来的，还是中国人给国家戴上的,1.0
触犯国旗法了解一下,0.0
唉，真是长见识了，呵呵呵呵,0.0
希望你进去了还可以这么狂,0.0
不知道你喜欢热爱的球星会不会帮你这个粉丝的国家说句话？看你是个体育博主，应该上过学，学过历史，你不知道我们从1840走来有多难，你喜欢球星没有错，喜欢篮球也没错，但是作为一个中国人，还是应该以国家荣誉为重,0.0
你也许是开玩笑发的那条评论，但是你蹭这种热度还沾沾自喜的样子更丑陋！！,0.0
我小学阅历，但是我知道你👩🏻go die了，GDX,1.0
看你的嘴比jb还硬的亚子好好笑哦🤗,1.0
拿国旗给人签名请问宁什么学历,0.0
你爸爸是不是一炮把你干到美国去了,1.0
我也就是把每个骂你的都赞了一遍,0.0
你做这种事没被搞的人尽皆知还好，现在影响力太恶劣了，少不了要加重刑的，不知道到时候牢狱之灾你受不受得了了。,0.0
你妈妈是不是没给你钱换皮啊 曹尼玛,1.0
第一次见犯法了，还那么理直气壮，谁给你脸啊！,1.0
违法了，兄弟，别的你做什么我不评价,0.0
所以说打球伤膝盖说的是你对吧，看球就看球故意拿国旗去给人签名，请用你的学识来解释一下这个行为呗,1.0
贱不贱啊，请滚出中国,1.0
有一说一，你确实没干人事,1.0
国旗签名是违法的吧,1.0
这位跪🐷，如果你觉得自己没有做错并用如此不在乎的无赖态度蹭热点，来来来，你在哪上班？你住哪里？跟大家说一下，大家去评评理,1.0
文明观猴，理性发言,1.0
大家快来骂醒这只猪吧,1.0
你居然还敢叫嚣，如果真的是你拿国旗去签名，我希望你站出来道歉！,1.0
我就看你什么时候被抓,0.0
脸都不要了，还装哪门子大尾巴狼。,1.0
劝你善良呀，你特么的是不是想🔥 呀,1.0
别跟我们扯学历，坐等你蹲监狱的照片,1.0
你要是跟我一个城市我自费打车去杀了你,1.0
你是有自由，但是你没有拿着全中国的脸往外丢的自由，贱不贱呢？,1.0
您是个什么sm货色的憨批,1.0
你挺牛逼啊！腰杆挺直啊！,0.0
学历不论高低也不妨碍看懂国旗法和刑法啊，去看球也没让你去卖脊梁骨啊是不,1.0
坐等你入狱的照片丫挺,1.0
你们在干嘛？没人举报？没人@ 国家机关出来抓人？触犯法律还这么嚣张？最后我想问一下这是上海人吗,0.0
隔壁邻居把你爸打了，还撒尿在你家门口，正好第二天邻居办酒席，你一想，我礼金都给了，得去啊！吃完酒席还在现场大喊：今天的菜真香！ 贱不贱。,1.0
有点最起码的分辨能力都不会这么干，真特么丢你祖上的脸。垃圾玩意,1.0
呸！,1.0
你违法了，还学历，你文盲也是违法啊,0.0
为什么关注你，为了骂你,1.0
别的不说，把他抓起来谢谢,0.0
你妈妈用你的吊在打你的脸,1.0
我就想骂你，没理由，国旗国家，,0.0
你妈妈在用尿不湿裹你的嘴,1.0
你啥学历啊，拿出来看看啊,1.0
所以您是想说自己打了擦边球，不是自己故意，是球员拉扯您的国旗去签字的吗,0.0
你也是的弟弟,0.0
逝者安息🕯🕯🕯 请大家别在消遣过世博主了,1.0
费什么口舌骂啊，走过路过举报一下虚假认证，让蹭热度的人麻利销号,1.0
不认错就算了嘴还怪犟的 真的是被你们这种人丢脸丢到全世界去了,1.0
论学历啊？95年，现在博二了，如果是真的，为啥要拿国旗去要签名呢？,0.0
你还记得自己是个中国人吗？摸摸自己的脊梁骨有多软吧，真丢中国人的脸,1.0
来战,0.0
作为公民，真为你的行为感到可耻，基本的爱国都没有！,1.0
请把你装饰上的国旗取消，你不配,1.0
你去看NBA可以啊，但是你用国旗这啥意思,1.0
有办法联系警察的报警一下，侮辱国旗最少拘留15天吧,1.0
没关系的你可以继续得瑟，过几天你的身份证家庭住址公司等等给人肉出来再加上网络暴力希望你还能这么硬气,0.0
现在尴尬的是警察不知道抓你还是抓签字的那个人  毕竟是签字的人侮辱国旗  不是你 好了 你可以接着嚣张了,0.0
错了就是错了 连道歉都不敢,0.0
他是不是炒作啊,0.0
司马司马,1.0
人间憨批侮辱国旗醉,1.0
人肉他啊。这狗不是认为自己没错吗，把它做的事贴到他们公司小区,1.0
大家先别激动，没准他就是个脑残蹭热度的呢。我就想问博主，你如何证明递国旗那个就是你，把签了名的国旗发出来看看啊,1.0
大家努努力啊，他家住哪啊，他妈埋那了？,1.0
流量不够我给你冲，评论不开是你心虚，还我们要求？，阴阳怪气的说这些话，真不晓得你学历多高。真是欠锤！,1.0
进来康康这个补药碧莲的撒笔玩意儿,1.0
贱畜,1.0
有大佬没直接人肉出来曝光算了，,1.0
沪男明知肖华恨，境外直播脸丢尽。。,1.0
仗义每多屠狗辈，负心多是读书人。所以某些高知分子也是脑瘫，学的道理多反倒最简单的东西忘了，脑瘫玩意,1.0
直接骂还是走程序？,1.0
隔壁邻居把你爸打了，还撒尿在你家门口，正好第二天邻居办酒席，你一想，我礼金都给了，得去啊！吃完酒席还在现场大喊：今天的菜真香！贱不贱,1.0
你妈是真的好,0.0
真是悲哀  什么东西,1.0
你做的事情真的不是人干的,1.0
把这家伙人肉出来，所有信息曝光,1.0
逝者安息，,1.0
你好 贱,1.0
你妈真的好润,1.0
谢谢你给外媒提供新鲜素材.让大家看看中国的篮狗对NBA有多忠诚.,1.0
中国是时候清除太监了,1.0
你还是个人吗？接受过教育？国旗也能让你随便侮辱？你还振振有词？小学生都知道不能在国旗上乱抹乱画，你有脑子？怎么想的？追星可以没人拦你，衣服上不能签字，实在不行在你脸上签也不能侮辱国旗！不配做一个中国人,1.0
奴性的软蛋,1.0
nmslwsnb,1.0
好你🐴,1.0
小狗还挺狂，你太爷爷是东三省伪军总司令吗？这么狂，你狂你🐴呢。,1.0
你媳妇去过阿拉善,1.0
一条狗,1.0
信不信人肉你，叫你一无是处，蛀虫,1.0
抓起来这狗屁玩意,1.0
奴狗[吐][吐][吐][吐],1.0
厚颜无耻,1.0
你个💩一样的东西好意思标榜自己独立思考,1.0
狗杂,1.0
你还挺有脸说你个司马玩意,1.0
先看看你自己做的是个什么逼事吧,1.0
侮辱国旗啊奴才,1.0
沙雕。就你最清醒,1.0
期待你妈,1.0
操你妈,1.0
他妈的手机坏了,0.0
你？欠骂,1.0
弱智,1.0
你🐴昨晚是死了还是咋，蹭你🐴比的热度呢？,1.0
你在地狱过得可好？,1.0
为了给您评论还要关注您呢,0.0
啥玩意啊,0.0
活该了,1.0
建议立马去世,1.0
睡不着那就自杀长眠吧,1.0
睡不着真是该啊,1.0
该死,1.0
既然睡不着就收拾收拾去世吧,1.0
那你把评论删了吧,0.0
看个剧神通的网友骂你是我的快乐源泉之一，哈哈哈哈，真的㊗️ 你早日被💣💣死,1.0
举报它没用吗？怎样能封它号？我出一百万封它嘴！,0.0
猫宁,0.0
为啥这么多人骂你,0.0
听到这句话我马上快乐的点了一个赞,0.0
滚吧 别待在微博！,1.0
曹尼玛,1.0
你自己为什么被骂 你心里没点AC数嘛,1.0
大家一起举报他吧。,0.0
没人骂你你心不安,1.0
换个头像吧。,0.0
活该,1.0
网络暴力好玩吗？哈哈哈哈哈你就是欠，,1.0
你🐴 最好死绝了,1.0
艾玛太好了，你不开心我又可以睡好觉了,1.0
死了才好,1.0
你会难过？笑死人，你是嫌别人骂你骂的不够。,1.0
来扫墓,1.0
还是说你他妈为了涨粉以骂别人为乐趣,1.0
哈哈哈哈哈哈看到大家这么骂你我真得看看你怎么黑别人的,0.0
挺好，把头像换了,0.0
给我死！！！,1.0
快滚,1.0
睡不着就请直接去世好吧？,1.0
难受就对了，你少喷点人吧，免得你这怨气到下辈子也消不掉,1.0
呵呵，你要是能羞耻心觉醒去自杀，我一定放鞭炮,1.0
这是什么恶心的人要关注才可以骂,1.0
你是阴沟里翻船了吗！？,1.0
你🐴biss！,1.0
你怎么还没被封号,0.0
直接投诉,0.0
找骂的🐶e,1.0
你快死吧,1.0
你别睡了呀 死人睡什么觉 你这样天天找喷 真的会短寿的,1.0
我开心啊,0.0
臭弟弟？还活着呢,1.0
那是因为你自作自受，呵呵，说什么岳岳还没你好看，请问您是好看成屎了还是屎呢，做人能不能善良点,1.0
一点存在感都没有的分公司吗？中国区也没少赚钱吧。,1.0
亚瑟士是日本的,1.0
請滾 不送,1.0
扯这些有什么用啊！好弱智,1.0
这是中国区的分部声明，一眼就能看出是中国人自己写的，态度有，可惜无法代表亚瑟士，官网声明和行动才是真，可现在看来，亚瑟士总部没有认错态度，这让你们离开中国又近了一步。,1.0
没关系，以后不要在中国卖东西了。我们不约!,1.0
道歉有用要警察干嘛？送你一首凉凉。,1.0
再见了您呐,1.0
支持你妹啊，本来就是,1.0
真他妈太失望了,1.0
垃圾，渣渣。,1.0
外网一致声明,0.0
讨厌那种嘴上说不接受，私底下还在买他们产品的人,1.0
坑货，再也不见,1.0
坑货啊坑货,1.0
你道歉给谁看呢，真以为我们不上外网吗,1.0
你在微博发声明有什么用。去fb、ins、tw发一次中英双语，你可以吗？,1.0
范思哲的教训还不吸取，别搞内网特供道歉,1.0
李宁安踏争点气，把份额做大一点。不至于让这些同胞离了亚瑟士就没了工作。,0.0
滚出去吧！！！ 绝不会买你们家任何东西！！！,1.0
凉凉了,0.0
不接受 滚,1.0
看出没诚意了，88,0.0
你个全面亏损的品牌还有时间搞这些？,0.0
和总部积极沟通,0.0
挣扎,1.0
我买过亚瑟士的鞋，真的臭脚！认真的说！,0.0
刚买个26就特么搞事情，真蛋疼，老实的不行吗,1.0
你们糊到这地步，我都不知道该怎么骂你们。,1.0
滚蛋吧你,1.0
翻译：抱歉失误了，想赚钱，不好意思了,0.0
总部不在外网道歉，不原谅你们 谢谢！,0.0
你凉了,0.0
两面三刀？,0.0
为何不是全体亚瑟士员工而是亚瑟士中国全体员工，当我们是傻子么。,1.0
一个运动品牌也附带政治色彩  作为一个跑者实在有些失望,1.0
赚着中国人的钱 干着分裂中国的事 真不要b脸,1.0
道nima个b歉啊 脑子本来就坏的 道歉有用要警察干嘛 把中国人当傻子？你个破鞋,1.0
亚瑟士是啥？,0.0
发个微博就完事啦？,0.0
你家东西 以后绝对不会出现在我家里了,0.0
你搞什么哦？我一个亚瑟士粉，你要我粉转黑是吧？,0.0
地区修改了吗,0.0
这个鞋真贵,0.0
不管你什么大牌，但凡侵犯到中国的主权和领土完整，就请你滚蛋！！！！！,1.0
道歉完就撤出中国市场,0.0
你妈个鸡，鬼冢虎讲道理还挺好穿的,1.0
品品他们的文字游戏,0.0
滚吧，,1.0
关注下cityline这个香港的购票网站，犯了同样的问题！只不过我不能发图，可以发图的麻烦上图！cityline,1.0
骂你骂你 真的骂你 骂你骂你 一定骂你 骂你骂你 骂你好爽,1.0
你大概是和马蓉上过床了吧。,1.0
傻叉,1.0
在你还不厉害？,0.0
你好，希望你去死，早点死,1.0
wtf，被赞到今年啊？,1.0
我tm去年骂你的评论今天又被赞了,1.0
母猪吗，不说他是猪都侮辱了🐷,1.0
集体溺亡？,1.0
我觉得霍顿其实骨子里很自卑，所以才有这样小人得志的举动，不过已经药石无医了，臭不要脸,1.0
一群傻屌,1.0
呀，下嫂子了,0.0
哦，残奥会加油👄,1.0
说实在的，这很酷😂,1.0
谁给你的自信心玩微博的？？？,1.0
水中跪组,1.0
祝你早死,1.0
拉筋干嘛和你合影,1.0
好丑啊你丑到我了,1.0
人模狗样,1.0
滚犊子吧,1.0
穿正装好帅啊,1.0
长了一幅恶心的嘴脸,1.0
真的好丑,1.0
去你妈了个逼你个孙子自己抄没抄心里没点逼数吗？要不要我把原版发上来，嗯哼看看是不是雷同程序垃圾东西,1.0
